Date,Shootings,Murders
1/1/2006,8,4
1/2/2006,4,1
1/3/2006,4,1
1/4/2006,4,0
1/5/2006,4,0
1/6/2006,4,0
1/7/2006,2,1
1/8/2006,4,1
1/9/2006,9,5
1/10/2006,5,0
1/11/2006,2,0
1/12/2006,2,0
1/13/2006,7,0
1/14/2006,5,4
1/15/2006,4,1
1/16/2006,4,1
1/17/2006,4,2
1/18/2006,3,1
1/19/2006,9,3
1/20/2006,2,0
1/21/2006,5,1
1/22/2006,10,1
1/23/2006,3,1
1/24/2006,3,0
1/25/2006,4,0
1/26/2006,1,0
1/28/2006,4,1
1/29/2006,4,0
1/30/2006,3,0
1/31/2006,2,0
2/1/2006,7,2
2/2/2006,2,0
2/3/2006,2,1
2/4/2006,10,1
2/5/2006,7,5
2/6/2006,2,1
2/7/2006,1,0
2/8/2006,2,0
2/9/2006,2,1
2/10/2006,3,0
2/11/2006,4,1
2/12/2006,2,0
2/13/2006,2,0
2/14/2006,2,2
2/15/2006,3,1
2/16/2006,2,1
2/17/2006,11,5
2/18/2006,2,0
2/19/2006,10,2
2/20/2006,2,0
2/21/2006,4,1
2/22/2006,3,0
2/24/2006,2,0
2/25/2006,3,1
2/26/2006,2,0
2/28/2006,5,2
3/2/2006,3,1
3/3/2006,2,0
3/4/2006,5,0
3/5/2006,4,1
3/6/2006,4,0
3/9/2006,6,2
3/10/2006,2,0
3/11/2006,6,2
3/12/2006,2,0
3/13/2006,3,0
3/14/2006,1,0
3/15/2006,1,0
3/16/2006,6,0
3/17/2006,2,0
3/18/2006,1,1
3/19/2006,4,1
3/20/2006,5,0
3/21/2006,4,2
3/22/2006,2,0
3/23/2006,4,0
3/24/2006,5,0
3/25/2006,7,3
3/26/2006,6,0
3/27/2006,4,0
3/28/2006,4,0
3/29/2006,3,1
3/31/2006,6,0
4/1/2006,8,4
4/2/2006,10,2
4/3/2006,4,0
4/4/2006,3,0
4/5/2006,2,0
4/6/2006,5,2
4/7/2006,1,0
4/8/2006,6,2
4/9/2006,1,1
4/10/2006,7,2
4/11/2006,3,0
4/12/2006,1,1
4/13/2006,4,0
4/14/2006,6,1
4/15/2006,6,0
4/16/2006,7,1
4/17/2006,6,4
4/18/2006,4,0
4/19/2006,3,2
4/20/2006,8,1
4/21/2006,14,4
4/22/2006,6,1
4/23/2006,6,1
4/24/2006,5,1
4/25/2006,4,1
4/26/2006,7,3
4/27/2006,3,2
4/28/2006,6,1
4/29/2006,4,0
4/30/2006,6,0
5/1/2006,7,2
5/2/2006,3,0
5/3/2006,4,3
5/4/2006,5,0
5/5/2006,10,2
5/6/2006,5,1
5/7/2006,15,4
5/8/2006,3,1
5/9/2006,1,0
5/10/2006,6,1
5/11/2006,4,1
5/12/2006,2,0
5/13/2006,5,0
5/14/2006,5,2
5/15/2006,2,1
5/16/2006,1,0
5/17/2006,7,3
5/18/2006,6,0
5/19/2006,1,0
5/20/2006,9,2
5/21/2006,8,1
5/22/2006,5,1
5/23/2006,13,3
5/24/2006,6,1
5/25/2006,4,1
5/26/2006,6,2
5/27/2006,4,2
5/28/2006,10,2
5/29/2006,11,2
5/30/2006,3,1
5/31/2006,2,1
6/1/2006,4,2
6/2/2006,4,1
6/3/2006,10,0
6/4/2006,7,2
6/5/2006,4,0
6/6/2006,2,0
6/7/2006,3,0
6/8/2006,3,0
6/9/2006,5,2
6/10/2006,4,0
6/11/2006,2,0
6/12/2006,12,3
6/13/2006,5,2
6/14/2006,4,0
6/15/2006,3,0
6/16/2006,2,0
6/17/2006,6,0
6/18/2006,18,5
6/19/2006,6,1
6/20/2006,8,0
6/21/2006,6,2
6/22/2006,5,0
6/23/2006,11,5
6/24/2006,7,3
6/25/2006,4,0
6/26/2006,4,0
6/27/2006,5,1
6/28/2006,16,5
6/29/2006,2,0
6/30/2006,8,2
7/1/2006,9,4
7/2/2006,10,3
7/3/2006,5,0
7/4/2006,8,1
7/5/2006,8,1
7/6/2006,4,0
7/7/2006,5,0
7/8/2006,10,1
7/9/2006,13,2
7/10/2006,6,0
7/11/2006,8,0
7/12/2006,6,1
7/13/2006,5,0
7/14/2006,8,2
7/15/2006,9,1
7/16/2006,9,3
7/17/2006,6,3
7/18/2006,7,1
7/19/2006,7,1
7/20/2006,1,1
7/21/2006,6,1
7/22/2006,19,5
7/23/2006,7,0
7/24/2006,11,4
7/25/2006,3,0
7/26/2006,9,4
7/27/2006,5,1
7/28/2006,4,2
7/29/2006,4,0
7/30/2006,19,5
7/31/2006,2,0
8/1/2006,10,2
8/2/2006,4,0
8/3/2006,5,0
8/4/2006,1,0
8/5/2006,8,1
8/6/2006,11,1
8/7/2006,19,6
8/8/2006,8,3
8/9/2006,6,2
8/10/2006,2,0
8/11/2006,11,3
8/12/2006,10,0
8/13/2006,14,3
8/14/2006,7,0
8/15/2006,3,1
8/16/2006,8,2
8/17/2006,6,0
8/18/2006,9,2
8/19/2006,11,2
8/20/2006,18,5
8/21/2006,7,1
8/22/2006,6,1
8/23/2006,2,1
8/24/2006,2,1
8/25/2006,10,1
8/26/2006,8,0
8/27/2006,13,5
8/28/2006,4,1
8/29/2006,3,0
8/30/2006,5,0
8/31/2006,14,2
9/1/2006,1,0
9/2/2006,9,0
9/3/2006,4,0
9/4/2006,25,8
9/5/2006,5,1
9/6/2006,1,0
9/7/2006,5,1
9/8/2006,9,4
9/9/2006,7,0
9/10/2006,7,3
9/11/2006,6,1
9/12/2006,1,0
9/13/2006,6,1
9/14/2006,8,2
9/15/2006,3,0
9/16/2006,11,2
9/17/2006,14,2
9/18/2006,5,2
9/19/2006,7,2
9/20/2006,5,1
9/21/2006,6,2
9/22/2006,6,0
9/23/2006,6,3
9/24/2006,8,1
9/25/2006,4,1
9/26/2006,7,1
9/27/2006,3,2
9/28/2006,3,0
9/29/2006,5,2
9/30/2006,9,2
10/1/2006,13,2
10/2/2006,5,1
10/3/2006,6,1
10/4/2006,9,4
10/5/2006,2,0
10/6/2006,7,3
10/7/2006,6,0
10/8/2006,6,1
10/9/2006,19,6
10/10/2006,4,0
10/11/2006,2,1
10/12/2006,6,1
10/13/2006,4,0
10/14/2006,8,2
10/15/2006,7,0
10/16/2006,7,2
10/17/2006,1,0
10/18/2006,4,0
10/19/2006,7,3
10/20/2006,8,4
10/21/2006,2,0
10/22/2006,9,0
10/23/2006,8,0
10/25/2006,5,1
10/26/2006,3,0
10/27/2006,6,2
10/28/2006,4,0
10/29/2006,11,3
10/30/2006,6,0
10/31/2006,14,1
11/1/2006,3,1
11/2/2006,5,2
11/3/2006,2,0
11/4/2006,1,1
11/5/2006,3,2
11/7/2006,2,0
11/8/2006,3,2
11/9/2006,5,0
11/10/2006,1,0
11/11/2006,9,3
11/12/2006,8,3
11/13/2006,3,1
11/14/2006,2,0
11/15/2006,15,5
11/16/2006,4,1
11/17/2006,4,0
11/18/2006,10,2
11/19/2006,7,3
11/20/2006,5,0
11/21/2006,3,0
11/22/2006,10,2
11/23/2006,11,4
11/24/2006,2,1
11/25/2006,20,4
11/26/2006,12,1
11/27/2006,4,1
11/28/2006,2,0
11/29/2006,3,0
11/30/2006,8,1
12/1/2006,4,0
12/2/2006,6,4
12/3/2006,7,1
12/4/2006,7,1
12/5/2006,14,3
12/6/2006,3,0
12/7/2006,5,1
12/8/2006,1,0
12/9/2006,2,0
12/10/2006,10,4
12/11/2006,4,2
12/12/2006,3,0
12/13/2006,3,1
12/14/2006,1,0
12/15/2006,6,3
12/16/2006,5,0
12/17/2006,5,2
12/18/2006,3,0
12/19/2006,5,4
12/20/2006,3,0
12/21/2006,7,3
12/22/2006,10,1
12/23/2006,10,1
12/24/2006,7,3
12/25/2006,6,2
12/26/2006,11,4
12/27/2006,4,0
12/28/2006,5,1
12/29/2006,4,2
12/30/2006,7,2
12/31/2006,10,2
1/1/2007,18,1
1/2/2007,4,0
1/3/2007,7,1
1/4/2007,3,0
1/5/2007,5,3
1/6/2007,1,0
1/7/2007,5,0
1/8/2007,2,1
1/9/2007,3,1
1/10/2007,2,0
1/11/2007,3,0
1/12/2007,4,1
1/13/2007,6,0
1/14/2007,2,0
1/15/2007,3,0
1/16/2007,2,1
1/17/2007,1,0
1/19/2007,3,0
1/20/2007,6,0
1/21/2007,2,1
1/22/2007,1,0
1/23/2007,1,1
1/24/2007,3,0
1/25/2007,1,0
1/26/2007,2,0
1/27/2007,5,1
1/28/2007,5,1
1/29/2007,6,0
1/30/2007,1,1
1/31/2007,2,0
2/1/2007,3,1
2/2/2007,3,0
2/3/2007,4,0
2/4/2007,1,0
2/5/2007,3,0
2/6/2007,1,1
2/7/2007,1,0
2/8/2007,4,2
2/9/2007,4,0
2/10/2007,8,2
2/11/2007,6,2
2/12/2007,1,0
2/13/2007,1,0
2/14/2007,1,0
2/16/2007,2,0
2/17/2007,4,0
2/18/2007,3,0
2/21/2007,3,1
2/22/2007,2,0
2/23/2007,1,1
2/24/2007,2,1
2/25/2007,3,0
2/26/2007,2,0
2/27/2007,5,2
2/28/2007,10,0
3/3/2007,4,0
3/4/2007,5,0
3/5/2007,2,0
3/7/2007,3,1
3/8/2007,3,0
3/9/2007,2,1
3/10/2007,3,0
3/11/2007,2,1
3/12/2007,3,0
3/13/2007,3,0
3/14/2007,5,3
3/16/2007,2,1
3/17/2007,4,2
3/18/2007,2,1
3/19/2007,6,1
3/20/2007,1,0
3/21/2007,3,1
3/22/2007,8,2
3/23/2007,9,0
3/24/2007,3,3
3/25/2007,2,0
3/26/2007,2,0
3/27/2007,4,0
3/28/2007,3,1
3/29/2007,11,0
3/30/2007,1,0
3/31/2007,7,0
4/1/2007,5,0
4/2/2007,4,1
4/3/2007,3,1
4/4/2007,5,3
4/5/2007,3,0
4/6/2007,2,1
4/7/2007,7,4
4/8/2007,3,0
4/9/2007,2,1
4/10/2007,1,0
4/11/2007,2,1
4/12/2007,1,0
4/13/2007,3,0
4/15/2007,7,1
4/16/2007,1,1
4/17/2007,3,2
4/18/2007,5,3
4/19/2007,5,0
4/20/2007,3,1
4/21/2007,9,2
4/22/2007,10,3
4/23/2007,11,3
4/24/2007,6,0
4/25/2007,1,0
4/27/2007,5,1
4/28/2007,5,0
4/29/2007,1,0
4/30/2007,4,0
5/1/2007,1,1
5/2/2007,3,1
5/3/2007,2,0
5/4/2007,6,1
5/5/2007,10,2
5/6/2007,4,1
5/7/2007,6,1
5/8/2007,7,2
5/9/2007,6,0
5/10/2007,6,3
5/11/2007,2,0
5/12/2007,6,0
5/13/2007,4,0
5/14/2007,9,1
5/15/2007,7,3
5/16/2007,5,2
5/17/2007,10,2
5/18/2007,8,3
5/19/2007,4,0
5/20/2007,6,3
5/21/2007,3,0
5/22/2007,5,1
5/23/2007,10,0
5/24/2007,7,3
5/25/2007,6,1
5/26/2007,13,3
5/27/2007,8,3
5/28/2007,6,2
5/29/2007,16,4
5/30/2007,9,0
5/31/2007,4,1
6/1/2007,6,2
6/2/2007,7,1
6/3/2007,5,2
6/4/2007,1,0
6/5/2007,6,0
6/6/2007,11,3
6/7/2007,6,4
6/8/2007,5,1
6/9/2007,12,3
6/10/2007,7,1
6/11/2007,5,3
6/12/2007,8,0
6/13/2007,1,0
6/14/2007,1,0
6/15/2007,7,0
6/16/2007,9,0
6/17/2007,9,0
6/18/2007,4,3
6/19/2007,3,0
6/20/2007,5,1
6/21/2007,3,0
6/22/2007,3,1
6/23/2007,18,3
6/24/2007,11,2
6/25/2007,5,0
6/26/2007,3,1
6/27/2007,12,4
6/28/2007,8,2
6/29/2007,9,2
6/30/2007,11,2
7/1/2007,9,0
7/2/2007,6,0
7/3/2007,8,1
7/4/2007,5,0
7/5/2007,6,0
7/6/2007,5,0
7/7/2007,8,0
7/8/2007,11,3
7/9/2007,12,4
7/10/2007,3,0
7/11/2007,6,4
7/12/2007,4,2
7/13/2007,6,1
7/14/2007,6,2
7/15/2007,2,0
7/16/2007,7,0
7/17/2007,11,2
7/18/2007,8,5
7/19/2007,4,2
7/20/2007,9,1
7/21/2007,8,0
7/22/2007,17,3
7/23/2007,3,3
7/24/2007,4,0
7/25/2007,8,0
7/26/2007,6,1
7/27/2007,8,1
7/28/2007,10,3
7/29/2007,11,1
7/30/2007,15,6
7/31/2007,13,2
8/1/2007,8,0
8/2/2007,3,0
8/3/2007,6,2
8/4/2007,9,3
8/5/2007,10,2
8/6/2007,3,0
8/7/2007,8,1
8/8/2007,6,0
8/9/2007,4,0
8/10/2007,6,0
8/11/2007,26,6
8/12/2007,17,2
8/13/2007,1,0
8/14/2007,4,0
8/16/2007,7,1
8/17/2007,5,0
8/18/2007,5,0
8/19/2007,8,2
8/20/2007,4,0
8/21/2007,1,0
8/22/2007,7,2
8/23/2007,5,1
8/24/2007,8,0
8/25/2007,10,0
8/26/2007,13,1
8/27/2007,6,1
8/28/2007,3,0
8/29/2007,4,0
8/30/2007,12,3
8/31/2007,3,1
9/1/2007,9,2
9/2/2007,11,0
9/3/2007,11,4
9/4/2007,3,0
9/5/2007,2,0
9/6/2007,2,0
9/7/2007,1,0
9/8/2007,5,1
9/9/2007,19,2
9/10/2007,8,1
9/11/2007,4,1
9/12/2007,5,1
9/13/2007,8,1
9/14/2007,8,2
9/15/2007,9,2
9/16/2007,4,1
9/17/2007,1,0
9/18/2007,3,0
9/19/2007,4,1
9/20/2007,2,1
9/21/2007,5,0
9/22/2007,8,0
9/23/2007,6,0
9/24/2007,5,1
9/25/2007,9,2
9/26/2007,2,1
9/27/2007,3,0
9/28/2007,2,1
9/29/2007,8,1
9/30/2007,6,3
10/1/2007,5,2
10/2/2007,4,1
10/3/2007,5,0
10/4/2007,1,0
10/5/2007,3,1
10/6/2007,22,9
10/7/2007,11,0
10/8/2007,8,0
10/9/2007,4,1
10/10/2007,5,1
10/11/2007,3,0
10/12/2007,11,4
10/13/2007,6,1
10/14/2007,3,0
10/15/2007,4,0
10/16/2007,7,2
10/17/2007,5,0
10/18/2007,4,0
10/19/2007,6,4
10/20/2007,10,0
10/21/2007,14,3
10/22/2007,2,0
10/23/2007,5,0
10/24/2007,3,0
10/25/2007,10,4
10/26/2007,3,0
10/27/2007,9,1
10/28/2007,10,6
10/29/2007,2,0
10/30/2007,7,0
10/31/2007,5,2
11/1/2007,11,2
11/2/2007,7,2
11/3/2007,6,1
11/4/2007,10,1
11/5/2007,3,2
11/6/2007,5,2
11/7/2007,2,0
11/8/2007,3,1
11/9/2007,7,3
11/10/2007,7,1
11/12/2007,1,0
11/14/2007,4,1
11/15/2007,1,0
11/16/2007,3,0
11/17/2007,9,1
11/18/2007,18,9
11/19/2007,1,0
11/20/2007,6,1
11/21/2007,2,1
11/22/2007,3,0
11/23/2007,4,0
11/25/2007,9,0
11/26/2007,3,0
11/27/2007,3,1
11/28/2007,3,1
11/30/2007,4,0
12/1/2007,4,2
12/2/2007,10,4
12/3/2007,4,0
12/4/2007,1,0
12/6/2007,4,0
12/7/2007,1,0
12/8/2007,3,2
12/9/2007,7,2
12/10/2007,5,1
12/11/2007,3,0
12/14/2007,2,1
12/15/2007,2,1
12/16/2007,6,0
12/17/2007,8,3
12/18/2007,1,0
12/20/2007,6,1
12/21/2007,8,5
12/22/2007,5,0
12/23/2007,10,4
12/24/2007,12,6
12/25/2007,6,0
12/26/2007,1,1
12/27/2007,2,1
12/28/2007,1,0
12/29/2007,2,1
12/30/2007,8,2
12/31/2007,2,1
1/1/2008,19,3
1/2/2008,2,2
1/4/2008,4,2
1/5/2008,9,3
1/6/2008,3,0
1/7/2008,5,1
1/8/2008,2,0
1/9/2008,1,0
1/10/2008,2,2
1/11/2008,3,0
1/12/2008,3,0
1/13/2008,9,2
1/14/2008,2,0
1/15/2008,2,0
1/16/2008,1,1
1/17/2008,1,0
1/18/2008,5,0
1/20/2008,2,1
1/21/2008,5,1
1/22/2008,2,0
1/23/2008,2,0
1/24/2008,3,1
1/25/2008,1,0
1/26/2008,6,2
1/27/2008,10,1
1/28/2008,2,1
1/29/2008,2,0
1/30/2008,2,0
1/31/2008,4,0
2/1/2008,4,1
2/2/2008,4,2
2/3/2008,4,0
2/4/2008,1,0
2/5/2008,3,1
2/6/2008,2,0
2/7/2008,1,0
2/9/2008,5,1
2/10/2008,2,0
2/12/2008,2,0
2/13/2008,1,0
2/14/2008,3,0
2/15/2008,4,0
2/16/2008,8,2
2/17/2008,2,0
2/18/2008,2,1
2/19/2008,3,1
2/20/2008,3,0
2/21/2008,2,1
2/22/2008,5,3
2/23/2008,2,1
2/24/2008,6,3
2/25/2008,2,1
2/27/2008,2,0
2/29/2008,7,1
3/1/2008,2,0
3/2/2008,3,1
3/3/2008,6,1
3/4/2008,3,2
3/5/2008,1,0
3/6/2008,1,1
3/7/2008,3,1
3/8/2008,5,1
3/9/2008,10,1
3/10/2008,1,0
3/11/2008,4,0
3/13/2008,2,2
3/14/2008,9,4
3/15/2008,8,1
3/16/2008,7,1
3/17/2008,2,0
3/19/2008,6,3
3/20/2008,1,0
3/21/2008,9,2
3/22/2008,4,3
3/23/2008,7,1
3/24/2008,7,2
3/25/2008,3,2
3/26/2008,5,1
3/27/2008,2,0
3/28/2008,3,1
3/29/2008,5,1
3/30/2008,5,2
3/31/2008,4,3
4/1/2008,3,0
4/2/2008,3,0
4/3/2008,6,4
4/5/2008,5,0
4/6/2008,3,0
4/7/2008,4,0
4/8/2008,3,0
4/9/2008,2,0
4/10/2008,3,0
4/11/2008,2,1
4/12/2008,10,1
4/13/2008,9,4
4/14/2008,6,0
4/15/2008,6,2
4/17/2008,4,1
4/18/2008,10,0
4/19/2008,11,0
4/20/2008,2,1
4/21/2008,4,0
4/22/2008,7,2
4/23/2008,6,0
4/24/2008,9,1
4/25/2008,4,2
4/26/2008,10,1
4/27/2008,11,3
4/29/2008,8,3
4/30/2008,2,0
5/1/2008,4,0
5/2/2008,4,1
5/3/2008,6,1
5/4/2008,8,0
5/5/2008,6,1
5/6/2008,3,0
5/7/2008,3,0
5/8/2008,4,0
5/9/2008,4,2
5/10/2008,8,1
5/11/2008,10,0
5/12/2008,1,0
5/13/2008,7,0
5/14/2008,10,0
5/15/2008,2,0
5/17/2008,10,1
5/18/2008,14,0
5/19/2008,4,2
5/20/2008,2,1
5/21/2008,3,1
5/22/2008,2,0
5/23/2008,2,0
5/24/2008,22,7
5/25/2008,12,4
5/26/2008,14,2
5/27/2008,4,0
5/28/2008,11,5
5/29/2008,5,0
5/30/2008,2,1
5/31/2008,7,0
6/1/2008,8,1
6/2/2008,14,0
6/3/2008,2,0
6/4/2008,8,1
6/5/2008,3,1
6/6/2008,9,1
6/7/2008,9,3
6/8/2008,3,0
6/9/2008,10,3
6/10/2008,6,1
6/11/2008,5,0
6/12/2008,2,0
6/13/2008,2,0
6/14/2008,8,0
6/15/2008,4,2
6/16/2008,1,0
6/17/2008,2,0
6/18/2008,5,0
6/19/2008,5,1
6/20/2008,3,0
6/21/2008,11,3
6/22/2008,11,3
6/23/2008,2,0
6/24/2008,14,7
6/25/2008,13,1
6/26/2008,7,1
6/27/2008,6,3
6/28/2008,15,1
6/29/2008,7,2
6/30/2008,2,0
7/1/2008,3,0
7/2/2008,9,1
7/3/2008,4,0
7/4/2008,10,1
7/5/2008,17,3
7/6/2008,13,3
7/7/2008,6,0
7/8/2008,9,0
7/9/2008,2,0
7/10/2008,7,1
7/11/2008,6,0
7/12/2008,12,4
7/13/2008,13,2
7/14/2008,1,0
7/15/2008,5,1
7/16/2008,7,2
7/17/2008,8,5
7/18/2008,6,1
7/19/2008,11,0
7/20/2008,4,0
7/21/2008,6,2
7/22/2008,7,0
7/23/2008,1,0
7/24/2008,5,1
7/25/2008,5,2
7/26/2008,15,2
7/27/2008,14,2
7/28/2008,6,0
7/29/2008,17,0
7/30/2008,3,1
7/31/2008,2,0
8/1/2008,4,0
8/2/2008,7,0
8/3/2008,8,3
8/4/2008,14,5
8/5/2008,4,1
8/6/2008,7,0
8/7/2008,4,0
8/8/2008,5,1
8/9/2008,11,1
8/10/2008,10,0
8/11/2008,3,1
8/12/2008,5,3
8/13/2008,2,1
8/14/2008,6,2
8/15/2008,4,1
8/16/2008,10,2
8/17/2008,8,0
8/18/2008,6,0
8/19/2008,3,0
8/20/2008,5,2
8/21/2008,10,0
8/22/2008,7,0
8/23/2008,15,2
8/24/2008,11,2
8/25/2008,4,1
8/26/2008,9,0
8/27/2008,2,1
8/28/2008,6,1
8/29/2008,3,0
8/30/2008,9,1
8/31/2008,13,2
9/1/2008,16,2
9/2/2008,4,1
9/3/2008,5,4
9/4/2008,2,0
9/5/2008,10,3
9/6/2008,5,1
9/7/2008,6,0
9/8/2008,3,0
9/9/2008,9,3
9/10/2008,2,0
9/11/2008,4,0
9/12/2008,2,0
9/13/2008,9,1
9/14/2008,14,4
9/15/2008,2,0
9/16/2008,6,1
9/18/2008,4,0
9/19/2008,3,0
9/20/2008,6,0
9/21/2008,15,5
9/22/2008,7,2
9/23/2008,5,1
9/24/2008,5,1
9/25/2008,1,0
9/26/2008,5,2
9/27/2008,10,0
9/28/2008,17,6
9/29/2008,9,0
9/30/2008,11,5
10/1/2008,4,2
10/2/2008,2,1
10/3/2008,4,3
10/4/2008,12,1
10/5/2008,7,0
10/6/2008,5,0
10/7/2008,2,0
10/8/2008,3,1
10/9/2008,5,2
10/10/2008,6,1
10/11/2008,5,0
10/12/2008,8,0
10/13/2008,6,1
10/14/2008,3,1
10/15/2008,6,0
10/16/2008,1,0
10/17/2008,5,0
10/18/2008,8,1
10/19/2008,4,1
10/20/2008,9,0
10/21/2008,5,2
10/22/2008,3,1
10/23/2008,4,0
10/24/2008,3,1
10/25/2008,7,1
10/26/2008,3,0
10/27/2008,16,8
10/29/2008,2,0
10/30/2008,1,0
10/31/2008,4,2
11/1/2008,6,0
11/2/2008,2,1
11/3/2008,2,0
11/4/2008,5,0
11/5/2008,5,1
11/6/2008,2,0
11/7/2008,5,0
11/8/2008,5,2
11/9/2008,4,0
11/10/2008,3,1
11/11/2008,7,2
11/12/2008,4,1
11/13/2008,4,0
11/14/2008,4,0
11/15/2008,5,1
11/16/2008,6,2
11/17/2008,11,3
11/18/2008,5,2
11/19/2008,6,1
11/20/2008,2,0
11/21/2008,2,1
11/22/2008,10,2
11/23/2008,4,1
11/24/2008,2,0
11/25/2008,1,0
11/26/2008,2,1
11/27/2008,5,0
11/28/2008,1,1
11/29/2008,3,0
11/30/2008,7,0
12/1/2008,8,2
12/2/2008,8,2
12/3/2008,2,0
12/5/2008,1,1
12/6/2008,6,0
12/7/2008,3,0
12/8/2008,2,0
12/9/2008,1,0
12/10/2008,3,0
12/11/2008,4,0
12/12/2008,2,0
12/13/2008,8,1
12/14/2008,9,0
12/15/2008,3,1
12/16/2008,5,0
12/17/2008,9,0
12/18/2008,2,0
12/19/2008,3,2
12/20/2008,8,2
12/21/2008,4,1
12/22/2008,3,0
12/23/2008,2,0
12/24/2008,5,2
12/25/2008,7,0
12/26/2008,15,5
12/27/2008,9,4
12/28/2008,12,2
12/29/2008,7,1
12/30/2008,7,1
12/31/2008,6,3
1/1/2009,7,1
1/2/2009,3,0
1/3/2009,5,0
1/4/2009,3,0
1/5/2009,2,0
1/6/2009,1,0
1/8/2009,2,1
1/9/2009,1,0
1/10/2009,8,2
1/11/2009,6,2
1/12/2009,2,0
1/13/2009,6,0
1/15/2009,3,0
1/16/2009,3,1
1/17/2009,5,0
1/18/2009,17,4
1/19/2009,2,1
1/20/2009,3,0
1/21/2009,2,1
1/22/2009,1,1
1/23/2009,5,0
1/24/2009,8,1
1/25/2009,2,0
1/26/2009,2,0
1/28/2009,3,2
1/31/2009,3,1
2/1/2009,6,2
2/2/2009,3,1
2/3/2009,2,0
2/4/2009,2,0
2/5/2009,1,0
2/6/2009,1,0
2/7/2009,4,2
2/8/2009,12,3
2/9/2009,8,0
2/10/2009,3,1
2/11/2009,3,0
2/12/2009,2,1
2/13/2009,2,2
2/14/2009,6,2
2/15/2009,1,0
2/16/2009,7,2
2/17/2009,6,2
2/18/2009,5,0
2/19/2009,2,1
2/20/2009,1,0
2/22/2009,6,1
2/23/2009,4,2
2/24/2009,2,0
2/25/2009,5,2
2/26/2009,6,3
2/27/2009,9,0
2/28/2009,4,0
3/1/2009,3,0
3/2/2009,2,0
3/3/2009,2,0
3/6/2009,4,1
3/7/2009,3,0
3/8/2009,5,2
3/9/2009,1,0
3/10/2009,3,1
3/11/2009,3,1
3/12/2009,1,0
3/13/2009,4,0
3/14/2009,3,1
3/15/2009,7,0
3/16/2009,1,0
3/17/2009,3,0
3/18/2009,3,0
3/19/2009,2,0
3/20/2009,3,0
3/21/2009,3,0
3/22/2009,8,3
3/23/2009,1,0
3/24/2009,2,1
3/25/2009,7,3
3/27/2009,6,3
3/28/2009,6,1
3/29/2009,7,1
3/30/2009,6,0
3/31/2009,5,1
4/1/2009,3,1
4/2/2009,9,0
4/3/2009,2,0
4/4/2009,7,1
4/5/2009,7,0
4/7/2009,2,0
4/8/2009,5,2
4/9/2009,2,1
4/10/2009,2,0
4/11/2009,4,1
4/12/2009,3,0
4/13/2009,3,0
4/14/2009,1,1
4/15/2009,2,0
4/16/2009,4,0
4/17/2009,6,2
4/18/2009,5,1
4/19/2009,5,0
4/20/2009,6,2
4/21/2009,3,1
4/22/2009,1,0
4/23/2009,4,1
4/24/2009,4,2
4/25/2009,7,1
4/26/2009,21,5
4/27/2009,10,2
4/28/2009,2,1
4/29/2009,4,0
4/30/2009,2,0
5/1/2009,4,2
5/2/2009,13,0
5/3/2009,5,2
5/4/2009,1,0
5/5/2009,1,0
5/6/2009,2,0
5/8/2009,8,2
5/9/2009,2,0
5/10/2009,14,2
5/11/2009,3,0
5/12/2009,1,0
5/13/2009,6,0
5/14/2009,4,1
5/15/2009,5,0
5/16/2009,12,1
5/17/2009,8,2
5/18/2009,1,1
5/19/2009,3,0
5/20/2009,3,0
5/21/2009,5,2
5/22/2009,4,0
5/23/2009,4,0
5/24/2009,12,1
5/25/2009,8,0
5/26/2009,3,1
5/27/2009,3,0
5/28/2009,11,1
5/29/2009,5,0
5/30/2009,12,0
5/31/2009,9,1
6/1/2009,6,0
6/2/2009,5,1
6/4/2009,1,0
6/5/2009,1,1
6/6/2009,5,2
6/7/2009,10,0
6/8/2009,7,1
6/9/2009,3,1
6/10/2009,3,0
6/11/2009,3,1
6/12/2009,6,3
6/13/2009,16,1
6/14/2009,10,3
6/15/2009,10,0
6/16/2009,3,1
6/17/2009,3,1
6/18/2009,2,0
6/19/2009,9,1
6/20/2009,11,2
6/21/2009,8,0
6/22/2009,5,0
6/23/2009,6,2
6/24/2009,2,0
6/25/2009,6,0
6/26/2009,10,1
6/27/2009,4,2
6/28/2009,14,3
6/29/2009,7,1
6/30/2009,6,3
7/1/2009,5,0
7/2/2009,4,1
7/3/2009,5,1
7/4/2009,9,3
7/5/2009,8,0
7/6/2009,9,2
7/7/2009,7,0
7/8/2009,5,0
7/9/2009,1,0
7/10/2009,8,1
7/11/2009,11,0
7/12/2009,17,6
7/13/2009,3,0
7/14/2009,3,1
7/15/2009,1,0
7/16/2009,6,1
7/17/2009,7,2
7/18/2009,10,2
7/19/2009,14,2
7/20/2009,5,2
7/21/2009,5,1
7/22/2009,3,2
7/23/2009,6,1
7/24/2009,4,0
7/25/2009,14,1
7/26/2009,8,1
7/27/2009,4,0
7/28/2009,9,1
7/29/2009,5,2
7/30/2009,7,1
7/31/2009,8,1
8/1/2009,12,2
8/2/2009,15,4
8/3/2009,2,0
8/4/2009,6,1
8/5/2009,4,1
8/6/2009,2,0
8/7/2009,12,5
8/8/2009,8,2
8/9/2009,14,0
8/10/2009,5,0
8/11/2009,2,0
8/12/2009,4,0
8/13/2009,3,0
8/14/2009,4,0
8/15/2009,14,2
8/16/2009,17,0
8/17/2009,3,1
8/18/2009,7,1
8/19/2009,5,1
8/20/2009,4,1
8/21/2009,3,1
8/22/2009,8,2
8/23/2009,16,4
8/24/2009,7,2
8/25/2009,5,0
8/26/2009,1,0
8/27/2009,4,1
8/28/2009,2,1
8/29/2009,5,0
8/30/2009,7,1
8/31/2009,9,2
9/1/2009,2,0
9/2/2009,1,0
9/3/2009,3,1
9/4/2009,1,0
9/5/2009,15,4
9/6/2009,8,1
9/7/2009,10,2
9/8/2009,1,0
9/9/2009,5,2
9/10/2009,9,4
9/11/2009,3,0
9/12/2009,3,0
9/13/2009,2,1
9/14/2009,4,1
9/15/2009,2,1
9/16/2009,8,2
9/18/2009,2,1
9/19/2009,3,0
9/20/2009,13,1
9/21/2009,9,1
9/22/2009,15,6
9/23/2009,5,1
9/24/2009,5,1
9/25/2009,3,0
9/26/2009,15,4
9/27/2009,11,3
9/28/2009,5,0
9/29/2009,2,0
9/30/2009,2,0
10/1/2009,4,0
10/2/2009,13,7
10/3/2009,1,0
10/4/2009,2,0
10/5/2009,9,1
10/6/2009,2,0
10/8/2009,4,0
10/9/2009,10,2
10/10/2009,5,0
10/11/2009,5,1
10/12/2009,8,1
10/13/2009,4,0
10/14/2009,2,1
10/15/2009,3,0
10/16/2009,3,1
10/17/2009,6,2
10/18/2009,4,3
10/19/2009,10,5
10/20/2009,7,3
10/21/2009,1,0
10/22/2009,5,0
10/23/2009,2,0
10/24/2009,6,1
10/25/2009,11,2
10/26/2009,2,1
10/27/2009,2,0
10/28/2009,3,1
10/29/2009,2,0
10/30/2009,5,1
10/31/2009,2,0
11/1/2009,12,3
11/2/2009,4,0
11/3/2009,9,5
11/4/2009,2,1
11/5/2009,3,0
11/7/2009,8,1
11/8/2009,4,0
11/9/2009,3,1
11/10/2009,4,0
11/11/2009,2,0
11/12/2009,1,0
11/13/2009,5,0
11/14/2009,8,3
11/15/2009,8,0
11/16/2009,15,4
11/17/2009,5,0
11/18/2009,2,1
11/19/2009,2,0
11/20/2009,4,0
11/21/2009,3,1
11/22/2009,5,0
11/23/2009,4,2
11/24/2009,7,2
11/25/2009,7,2
11/26/2009,10,5
11/27/2009,7,1
11/28/2009,6,1
11/29/2009,9,3
11/30/2009,2,0
12/1/2009,3,1
12/2/2009,3,0
12/4/2009,1,1
12/5/2009,4,0
12/6/2009,10,4
12/7/2009,9,4
12/8/2009,1,0
12/9/2009,3,0
12/10/2009,2,0
12/11/2009,2,1
12/12/2009,3,2
12/13/2009,4,1
12/15/2009,3,1
12/16/2009,1,0
12/17/2009,9,5
12/18/2009,5,1
12/19/2009,4,0
12/20/2009,6,3
12/21/2009,6,0
12/22/2009,4,0
12/23/2009,1,0
12/24/2009,3,1
12/25/2009,7,1
12/26/2009,6,2
12/27/2009,5,0
12/28/2009,4,0
12/29/2009,5,2
12/30/2009,1,0
12/31/2009,9,3
1/1/2010,8,1
1/2/2010,2,1
1/3/2010,2,0
1/4/2010,1,0
1/5/2010,1,0
1/6/2010,1,0
1/7/2010,1,0
1/8/2010,4,2
1/9/2010,5,2
1/10/2010,4,0
1/11/2010,2,0
1/13/2010,1,0
1/14/2010,3,2
1/15/2010,5,0
1/16/2010,2,0
1/17/2010,3,0
1/18/2010,7,2
1/19/2010,1,0
1/20/2010,2,0
1/21/2010,1,0
1/22/2010,5,0
1/23/2010,7,2
1/24/2010,7,0
1/25/2010,3,2
1/27/2010,1,1
1/28/2010,1,0
1/29/2010,3,0
1/30/2010,8,3
1/31/2010,6,0
2/1/2010,6,1
2/2/2010,2,0
2/4/2010,3,0
2/5/2010,3,2
2/6/2010,5,1
2/7/2010,3,0
2/8/2010,6,0
2/9/2010,2,1
2/11/2010,3,0
2/12/2010,11,0
2/13/2010,1,0
2/14/2010,10,1
2/15/2010,1,0
2/16/2010,6,1
2/17/2010,1,0
2/19/2010,3,1
2/20/2010,4,2
2/21/2010,16,6
2/22/2010,16,8
2/23/2010,1,1
2/24/2010,1,0
2/26/2010,8,0
2/27/2010,7,0
2/28/2010,4,0
3/1/2010,1,0
3/3/2010,3,0
3/4/2010,2,1
3/5/2010,3,1
3/6/2010,6,0
3/7/2010,3,0
3/8/2010,6,2
3/9/2010,3,0
3/10/2010,2,1
3/11/2010,6,1
3/12/2010,2,0
3/13/2010,6,2
3/14/2010,4,0
3/15/2010,4,1
3/16/2010,4,0
3/17/2010,7,1
3/18/2010,10,1
3/19/2010,8,0
3/20/2010,9,1
3/21/2010,4,1
3/22/2010,4,0
3/23/2010,2,1
3/25/2010,10,5
3/26/2010,3,0
3/27/2010,8,2
3/28/2010,4,1
3/29/2010,2,0
3/30/2010,2,0
3/31/2010,4,0
4/1/2010,2,1
4/2/2010,7,2
4/3/2010,8,0
4/4/2010,8,1
4/5/2010,10,0
4/6/2010,10,0
4/7/2010,5,0
4/8/2010,1,1
4/9/2010,8,2
4/10/2010,2,1
4/11/2010,11,0
4/12/2010,20,8
4/13/2010,5,0
4/14/2010,1,0
4/15/2010,8,2
4/16/2010,7,2
4/17/2010,2,1
4/18/2010,4,1
4/19/2010,5,0
4/20/2010,2,0
4/21/2010,4,2
4/22/2010,1,0
4/23/2010,2,0
4/24/2010,7,1
4/25/2010,2,0
4/26/2010,5,2
4/27/2010,2,0
4/28/2010,5,2
4/29/2010,7,0
4/30/2010,6,0
5/1/2010,5,0
5/2/2010,6,2
5/3/2010,4,0
5/4/2010,1,0
5/5/2010,3,3
5/6/2010,4,2
5/7/2010,3,0
5/8/2010,7,0
5/9/2010,14,6
5/10/2010,2,1
5/11/2010,4,0
5/12/2010,2,0
5/13/2010,2,2
5/15/2010,12,2
5/16/2010,7,1
5/17/2010,7,1
5/18/2010,2,0
5/19/2010,3,1
5/20/2010,5,2
5/21/2010,4,0
5/22/2010,10,4
5/23/2010,18,7
5/24/2010,1,1
5/25/2010,4,1
5/26/2010,4,1
5/27/2010,6,1
5/28/2010,4,1
5/29/2010,5,0
5/30/2010,7,0
5/31/2010,10,1
6/1/2010,8,3
6/2/2010,8,0
6/3/2010,3,0
6/4/2010,5,1
6/5/2010,11,4
6/6/2010,16,5
6/7/2010,2,0
6/8/2010,3,0
6/9/2010,9,5
6/10/2010,2,0
6/11/2010,3,0
6/12/2010,6,2
6/13/2010,12,5
6/14/2010,5,1
6/15/2010,2,0
6/16/2010,4,0
6/17/2010,3,1
6/18/2010,4,0
6/19/2010,8,2
6/20/2010,19,5
6/21/2010,11,2
6/22/2010,3,2
6/23/2010,1,0
6/24/2010,4,0
6/25/2010,9,2
6/26/2010,16,3
6/27/2010,13,0
6/28/2010,7,1
6/29/2010,6,2
6/30/2010,16,4
7/1/2010,1,1
7/2/2010,7,2
7/3/2010,6,1
7/4/2010,16,6
7/5/2010,11,1
7/6/2010,2,1
7/7/2010,5,0
7/8/2010,7,2
7/9/2010,3,3
7/10/2010,4,0
7/11/2010,23,9
7/12/2010,2,0
7/13/2010,2,0
7/14/2010,8,3
7/15/2010,11,3
7/16/2010,4,0
7/17/2010,8,0
7/18/2010,15,4
7/19/2010,12,3
7/20/2010,4,1
7/21/2010,4,2
7/22/2010,4,0
7/23/2010,5,2
7/24/2010,4,1
7/25/2010,7,3
7/26/2010,6,2
7/27/2010,2,2
7/28/2010,6,2
7/29/2010,6,1
7/30/2010,2,1
7/31/2010,14,5
8/1/2010,12,1
8/2/2010,8,1
8/3/2010,3,0
8/4/2010,4,0
8/5/2010,3,1
8/6/2010,4,2
8/7/2010,23,6
8/8/2010,11,2
8/9/2010,7,0
8/10/2010,9,0
8/11/2010,5,0
8/12/2010,2,1
8/13/2010,2,2
8/14/2010,10,2
8/15/2010,14,0
8/16/2010,5,0
8/17/2010,2,0
8/18/2010,1,1
8/19/2010,4,3
8/20/2010,3,0
8/21/2010,9,0
8/22/2010,11,1
8/23/2010,5,0
8/24/2010,2,0
8/25/2010,5,0
8/26/2010,6,0
8/27/2010,2,1
8/28/2010,7,1
8/29/2010,13,3
8/30/2010,6,3
8/31/2010,5,2
9/1/2010,9,1
9/2/2010,6,1
9/3/2010,14,2
9/4/2010,3,0
9/5/2010,3,0
9/6/2010,9,2
9/7/2010,2,0
9/8/2010,3,1
9/9/2010,8,1
9/10/2010,5,2
9/11/2010,13,3
9/12/2010,7,1
9/13/2010,1,0
9/14/2010,3,1
9/15/2010,1,1
9/16/2010,2,0
9/17/2010,4,1
9/18/2010,10,0
9/19/2010,9,1
9/20/2010,3,0
9/21/2010,5,1
9/22/2010,6,1
9/23/2010,7,2
9/24/2010,16,3
9/25/2010,7,2
9/26/2010,9,0
9/27/2010,1,1
9/28/2010,5,1
9/29/2010,7,3
9/30/2010,4,4
10/1/2010,4,1
10/2/2010,3,1
10/3/2010,8,3
10/4/2010,9,5
10/5/2010,5,3
10/6/2010,4,0
10/7/2010,6,0
10/8/2010,1,0
10/9/2010,8,0
10/10/2010,5,1
10/11/2010,2,2
10/12/2010,4,3
10/13/2010,2,0
10/14/2010,2,0
10/15/2010,3,1
10/16/2010,3,0
10/17/2010,2,0
10/18/2010,3,1
10/20/2010,5,0
10/21/2010,1,0
10/22/2010,3,0
10/23/2010,10,3
10/24/2010,4,0
10/25/2010,3,1
10/26/2010,7,0
10/27/2010,5,1
10/28/2010,12,5
10/29/2010,5,0
10/30/2010,7,2
10/31/2010,8,0
11/1/2010,5,1
11/2/2010,2,0
11/4/2010,2,0
11/5/2010,2,0
11/6/2010,9,2
11/7/2010,6,3
11/8/2010,7,5
11/9/2010,2,0
11/10/2010,2,1
11/11/2010,2,0
11/12/2010,4,1
11/13/2010,13,4
11/14/2010,12,3
11/15/2010,1,0
11/16/2010,2,0
11/19/2010,10,4
11/20/2010,8,1
11/21/2010,9,1
11/22/2010,7,0
11/23/2010,2,0
11/24/2010,2,1
11/25/2010,4,0
11/26/2010,8,0
11/27/2010,3,0
11/28/2010,4,0
11/29/2010,8,3
11/30/2010,4,3
12/1/2010,2,0
12/3/2010,3,0
12/4/2010,5,1
12/5/2010,6,0
12/6/2010,4,1
12/7/2010,6,1
12/9/2010,1,1
12/10/2010,4,1
12/11/2010,7,2
12/12/2010,6,1
12/13/2010,6,1
12/14/2010,1,0
12/15/2010,2,0
12/16/2010,3,0
12/17/2010,2,1
12/18/2010,10,2
12/19/2010,2,0
12/20/2010,2,1
12/21/2010,3,0
12/22/2010,3,1
12/23/2010,3,1
12/24/2010,3,0
12/25/2010,4,0
12/26/2010,14,4
12/27/2010,3,0
12/28/2010,6,2
12/29/2010,3,2
12/30/2010,4,0
12/31/2010,10,2
1/1/2011,12,1
1/2/2011,4,0
1/3/2011,1,0
1/5/2011,5,0
1/6/2011,5,2
1/8/2011,1,0
1/9/2011,4,1
1/10/2011,4,3
1/11/2011,2,0
1/12/2011,1,0
1/13/2011,4,1
1/14/2011,7,3
1/15/2011,4,0
1/16/2011,9,0
1/17/2011,3,0
1/18/2011,1,0
1/19/2011,1,0
1/20/2011,1,1
1/21/2011,4,0
1/22/2011,4,0
1/23/2011,4,1
1/24/2011,2,1
1/25/2011,1,0
1/27/2011,2,0
1/28/2011,1,1
1/29/2011,7,1
1/30/2011,2,0
1/31/2011,6,0
2/1/2011,1,0
2/2/2011,9,3
2/3/2011,2,0
2/4/2011,4,0
2/5/2011,4,2
2/6/2011,9,3
2/7/2011,4,0
2/8/2011,1,0
2/9/2011,2,2
2/10/2011,3,3
2/11/2011,4,0
2/12/2011,4,2
2/13/2011,4,0
2/14/2011,4,0
2/15/2011,1,0
2/16/2011,3,0
2/17/2011,2,0
2/18/2011,2,0
2/20/2011,12,1
2/21/2011,2,0
2/24/2011,2,0
2/25/2011,5,0
2/26/2011,5,0
2/27/2011,7,1
2/28/2011,2,0
3/1/2011,3,0
3/2/2011,1,0
3/4/2011,2,0
3/5/2011,6,1
3/6/2011,3,1
3/7/2011,1,0
3/8/2011,2,0
3/9/2011,1,0
3/10/2011,2,1
3/11/2011,2,0
3/12/2011,5,1
3/13/2011,5,2
3/14/2011,1,0
3/16/2011,4,1
3/17/2011,5,1
3/18/2011,3,1
3/19/2011,8,0
3/20/2011,4,1
3/21/2011,5,2
3/22/2011,6,0
3/23/2011,3,1
3/24/2011,1,1
3/25/2011,3,0
3/26/2011,6,3
3/27/2011,2,1
3/28/2011,2,2
3/29/2011,1,0
3/30/2011,1,0
3/31/2011,1,1
4/1/2011,5,1
4/2/2011,10,1
4/3/2011,3,1
4/4/2011,1,1
4/5/2011,1,1
4/6/2011,8,2
4/7/2011,9,3
4/8/2011,5,1
4/9/2011,2,0
4/10/2011,3,0
4/11/2011,9,0
4/12/2011,7,3
4/13/2011,1,0
4/14/2011,6,1
4/15/2011,1,0
4/16/2011,4,1
4/17/2011,5,2
4/18/2011,4,2
4/19/2011,2,1
4/20/2011,1,0
4/22/2011,1,0
4/23/2011,5,1
4/24/2011,5,1
4/25/2011,8,1
4/26/2011,6,1
4/27/2011,8,2
4/28/2011,5,2
4/29/2011,3,0
4/30/2011,8,1
5/1/2011,8,0
5/2/2011,5,3
5/3/2011,6,3
5/5/2011,6,3
5/7/2011,7,0
5/8/2011,3,0
5/9/2011,8,1
5/10/2011,5,0
5/11/2011,8,1
5/12/2011,3,0
5/13/2011,4,1
5/14/2011,3,1
5/15/2011,5,1
5/16/2011,1,0
5/17/2011,5,2
5/18/2011,6,1
5/19/2011,7,2
5/20/2011,1,0
5/21/2011,7,1
5/22/2011,2,0
5/23/2011,2,0
5/24/2011,8,0
5/25/2011,3,1
5/26/2011,2,1
5/27/2011,13,2
5/28/2011,10,3
5/29/2011,18,6
5/30/2011,13,1
5/31/2011,7,1
6/1/2011,3,1
6/2/2011,4,0
6/3/2011,2,0
6/4/2011,4,0
6/5/2011,7,2
6/6/2011,2,1
6/7/2011,5,0
6/8/2011,5,2
6/9/2011,16,4
6/10/2011,8,0
6/11/2011,5,0
6/12/2011,3,2
6/14/2011,1,1
6/15/2011,4,0
6/16/2011,5,2
6/17/2011,4,1
6/18/2011,20,7
6/19/2011,15,1
6/20/2011,6,0
6/21/2011,8,1
6/22/2011,4,0
6/23/2011,2,0
6/24/2011,8,3
6/25/2011,4,1
6/26/2011,14,3
6/27/2011,3,1
6/28/2011,6,2
6/29/2011,3,1
6/30/2011,7,1
7/1/2011,2,0
7/2/2011,16,5
7/3/2011,10,2
7/4/2011,8,2
7/5/2011,17,4
7/6/2011,5,1
7/7/2011,6,0
7/8/2011,7,1
7/9/2011,5,0
7/10/2011,10,1
7/11/2011,6,0
7/12/2011,4,1
7/13/2011,5,1
7/14/2011,5,1
7/15/2011,8,0
7/16/2011,10,1
7/17/2011,14,2
7/18/2011,8,0
7/19/2011,1,0
7/20/2011,8,1
7/21/2011,6,0
7/22/2011,2,0
7/23/2011,10,4
7/25/2011,8,2
7/26/2011,3,1
7/27/2011,7,0
7/28/2011,10,2
7/29/2011,5,2
7/30/2011,9,3
7/31/2011,6,0
8/1/2011,8,2
8/2/2011,7,2
8/3/2011,1,1
8/4/2011,9,3
8/5/2011,8,0
8/6/2011,13,2
8/7/2011,8,2
8/8/2011,7,2
8/9/2011,7,0
8/10/2011,3,0
8/11/2011,2,0
8/12/2011,6,0
8/13/2011,7,2
8/14/2011,4,1
8/15/2011,4,1
8/16/2011,8,0
8/17/2011,6,0
8/18/2011,5,0
8/19/2011,3,0
8/20/2011,3,0
8/21/2011,13,3
8/22/2011,3,2
8/23/2011,6,0
8/24/2011,3,0
8/25/2011,7,0
8/26/2011,7,1
8/27/2011,14,2
8/28/2011,1,1
8/29/2011,21,4
8/30/2011,6,1
8/31/2011,17,4
9/1/2011,4,0
9/2/2011,14,7
9/3/2011,12,1
9/4/2011,31,4
9/5/2011,20,6
9/6/2011,7,0
9/7/2011,4,0
9/8/2011,9,3
9/9/2011,9,0
9/10/2011,10,0
9/11/2011,12,2
9/12/2011,4,0
9/13/2011,1,0
9/14/2011,4,1
9/15/2011,3,1
9/16/2011,5,1
9/17/2011,6,2
9/18/2011,12,2
9/19/2011,5,4
9/20/2011,3,0
9/21/2011,8,1
9/22/2011,2,1
9/23/2011,5,1
9/24/2011,10,5
9/25/2011,18,3
9/26/2011,2,0
9/27/2011,8,0
9/28/2011,11,1
9/29/2011,2,1
9/30/2011,9,2
10/1/2011,6,1
10/2/2011,10,3
10/3/2011,3,1
10/4/2011,7,1
10/5/2011,1,0
10/6/2011,1,0
10/7/2011,3,0
10/8/2011,5,1
10/9/2011,11,1
10/10/2011,7,1
10/11/2011,3,0
10/12/2011,5,1
10/13/2011,6,2
10/14/2011,10,1
10/15/2011,13,0
10/16/2011,14,2
10/17/2011,12,4
10/18/2011,4,0
10/19/2011,1,0
10/20/2011,7,1
10/21/2011,12,4
10/22/2011,11,0
10/23/2011,6,1
10/24/2011,4,1
10/27/2011,1,0
10/28/2011,9,4
10/29/2011,4,0
10/30/2011,6,1
10/31/2011,6,1
11/1/2011,4,0
11/2/2011,3,1
11/4/2011,3,0
11/5/2011,3,1
11/6/2011,3,0
11/7/2011,5,0
11/8/2011,6,0
11/9/2011,6,0
11/10/2011,2,0
11/11/2011,5,1
11/12/2011,6,2
11/13/2011,8,3
11/14/2011,2,2
11/15/2011,9,4
11/16/2011,2,0
11/17/2011,4,1
11/18/2011,7,2
11/19/2011,5,0
11/20/2011,10,1
11/21/2011,5,2
11/22/2011,5,0
11/23/2011,5,0
11/24/2011,6,1
11/25/2011,7,0
11/26/2011,3,1
11/27/2011,4,0
11/28/2011,2,0
11/29/2011,3,0
12/1/2011,2,1
12/2/2011,7,2
12/3/2011,9,1
12/4/2011,11,3
12/5/2011,8,2
12/6/2011,3,1
12/7/2011,1,0
12/8/2011,3,1
12/10/2011,7,1
12/11/2011,7,3
12/12/2011,11,10
12/13/2011,4,0
12/14/2011,4,0
12/15/2011,4,1
12/16/2011,3,0
12/17/2011,5,1
12/18/2011,4,1
12/19/2011,3,1
12/21/2011,4,2
12/22/2011,6,2
12/23/2011,2,1
12/24/2011,3,0
12/25/2011,5,0
12/26/2011,6,2
12/27/2011,8,0
12/28/2011,1,0
12/29/2011,1,0
12/30/2011,3,1
12/31/2011,16,4
1/1/2012,11,2
1/2/2012,3,1
1/3/2012,2,0
1/4/2012,1,0
1/5/2012,9,0
1/6/2012,4,1
1/7/2012,4,0
1/8/2012,5,3
1/9/2012,2,0
1/10/2012,6,0
1/11/2012,4,0
1/12/2012,3,0
1/13/2012,4,1
1/14/2012,3,1
1/15/2012,1,0
1/16/2012,3,0
1/17/2012,1,0
1/18/2012,3,0
1/19/2012,2,0
1/20/2012,2,0
1/21/2012,11,1
1/22/2012,3,0
1/23/2012,1,1
1/24/2012,4,1
1/25/2012,2,0
1/26/2012,1,0
1/27/2012,3,1
1/28/2012,5,1
1/29/2012,3,0
1/30/2012,2,0
1/31/2012,6,0
2/1/2012,3,0
2/2/2012,3,1
2/4/2012,7,3
2/5/2012,11,4
2/8/2012,6,1
2/10/2012,3,0
2/11/2012,8,1
2/13/2012,7,1
2/14/2012,1,0
2/16/2012,3,1
2/17/2012,4,1
2/18/2012,10,2
2/19/2012,4,0
2/20/2012,1,0
2/21/2012,5,0
2/22/2012,1,0
2/23/2012,2,0
2/24/2012,3,1
2/25/2012,8,0
2/26/2012,7,0
2/27/2012,3,0
2/28/2012,1,0
3/1/2012,4,0
3/2/2012,5,2
3/3/2012,6,0
3/4/2012,3,0
3/5/2012,2,1
3/6/2012,4,0
3/7/2012,2,1
3/8/2012,8,2
3/9/2012,1,0
3/10/2012,5,0
3/11/2012,6,2
3/12/2012,4,1
3/13/2012,4,1
3/14/2012,1,0
3/15/2012,3,0
3/16/2012,1,0
3/17/2012,10,2
3/18/2012,7,3
3/19/2012,13,1
3/20/2012,10,3
3/21/2012,4,1
3/22/2012,1,0
3/23/2012,4,0
3/24/2012,5,0
3/25/2012,8,4
3/26/2012,4,0
3/27/2012,1,0
3/30/2012,2,0
3/31/2012,2,0
4/1/2012,1,0
4/2/2012,4,0
4/3/2012,1,0
4/4/2012,5,1
4/5/2012,1,0
4/6/2012,2,1
4/7/2012,6,2
4/8/2012,6,1
4/9/2012,4,0
4/10/2012,1,0
4/11/2012,2,1
4/12/2012,1,1
4/13/2012,1,0
4/14/2012,16,4
4/15/2012,8,2
4/16/2012,6,1
4/17/2012,8,3
4/18/2012,6,3
4/19/2012,3,2
4/20/2012,5,1
4/21/2012,2,0
4/22/2012,10,2
4/23/2012,2,1
4/24/2012,6,2
4/25/2012,5,2
4/26/2012,1,0
4/27/2012,1,0
4/28/2012,2,0
4/29/2012,10,0
4/30/2012,1,0
5/1/2012,4,1
5/2/2012,2,0
5/3/2012,1,0
5/4/2012,2,0
5/5/2012,9,2
5/6/2012,4,0
5/8/2012,4,0
5/9/2012,2,0
5/10/2012,4,2
5/11/2012,4,0
5/12/2012,13,0
5/13/2012,11,4
5/14/2012,6,0
5/15/2012,1,1
5/16/2012,6,1
5/17/2012,6,2
5/19/2012,11,2
5/20/2012,9,1
5/21/2012,8,0
5/22/2012,5,1
5/23/2012,6,0
5/24/2012,2,1
5/25/2012,5,1
5/26/2012,17,5
5/27/2012,12,1
5/28/2012,8,1
5/29/2012,6,0
5/30/2012,1,0
5/31/2012,4,0
6/1/2012,2,0
6/2/2012,7,3
6/3/2012,6,2
6/4/2012,1,1
6/5/2012,7,2
6/6/2012,9,1
6/7/2012,3,1
6/8/2012,4,0
6/9/2012,7,1
6/10/2012,5,0
6/11/2012,7,1
6/12/2012,7,0
6/13/2012,7,3
6/14/2012,1,0
6/15/2012,5,0
6/16/2012,5,2
6/17/2012,9,1
6/18/2012,4,0
6/19/2012,5,1
6/20/2012,8,0
6/21/2012,6,0
6/22/2012,3,2
6/23/2012,6,0
6/24/2012,11,1
6/25/2012,2,0
6/26/2012,1,0
6/27/2012,6,1
6/28/2012,11,2
6/29/2012,16,2
6/30/2012,12,2
7/1/2012,8,1
7/2/2012,13,3
7/3/2012,6,2
7/4/2012,17,2
7/5/2012,12,2
7/6/2012,6,2
7/7/2012,17,4
7/8/2012,9,0
7/9/2012,9,3
7/10/2012,2,0
7/11/2012,5,0
7/12/2012,5,2
7/13/2012,2,1
7/14/2012,7,0
7/15/2012,15,4
7/16/2012,4,0
7/17/2012,3,1
7/18/2012,3,0
7/19/2012,3,0
7/20/2012,2,0
7/21/2012,10,1
7/22/2012,19,6
7/23/2012,3,0
7/24/2012,8,3
7/25/2012,7,0
7/26/2012,7,2
7/27/2012,2,0
7/28/2012,13,1
7/29/2012,19,0
7/30/2012,7,2
7/31/2012,4,0
8/1/2012,3,2
8/2/2012,10,1
8/3/2012,5,0
8/4/2012,7,2
8/5/2012,13,1
8/6/2012,1,1
8/7/2012,8,0
8/8/2012,7,0
8/9/2012,2,0
8/10/2012,2,0
8/11/2012,9,1
8/12/2012,5,1
8/13/2012,4,0
8/14/2012,5,0
8/15/2012,1,0
8/16/2012,4,1
8/17/2012,5,2
8/18/2012,8,2
8/19/2012,2,0
8/20/2012,5,0
8/21/2012,8,4
8/22/2012,3,0
8/23/2012,13,6
8/24/2012,3,2
8/25/2012,8,0
8/26/2012,19,6
8/27/2012,11,1
8/28/2012,3,0
8/29/2012,1,1
8/30/2012,13,3
8/31/2012,3,1
9/1/2012,4,1
9/2/2012,9,0
9/3/2012,7,0
9/4/2012,4,2
9/5/2012,2,0
9/6/2012,5,0
9/7/2012,8,1
9/8/2012,7,4
9/9/2012,4,1
9/12/2012,1,0
9/13/2012,1,0
9/14/2012,5,1
9/15/2012,8,1
9/16/2012,6,1
9/17/2012,4,2
9/18/2012,5,0
9/20/2012,2,0
9/21/2012,4,1
9/22/2012,13,0
9/23/2012,7,0
9/24/2012,1,0
9/25/2012,7,2
9/26/2012,4,1
9/27/2012,3,0
9/28/2012,3,0
9/29/2012,4,1
9/30/2012,12,3
10/1/2012,3,1
10/2/2012,7,2
10/3/2012,2,0
10/4/2012,6,0
10/6/2012,6,3
10/7/2012,5,1
10/8/2012,2,0
10/9/2012,3,0
10/10/2012,2,0
10/12/2012,3,0
10/13/2012,8,2
10/14/2012,11,1
10/15/2012,4,0
10/16/2012,2,0
10/17/2012,2,0
10/18/2012,1,0
10/19/2012,2,0
10/20/2012,3,0
10/21/2012,3,1
10/22/2012,4,1
10/23/2012,3,1
10/24/2012,5,0
10/25/2012,2,0
10/26/2012,1,0
10/27/2012,11,2
10/28/2012,4,0
10/29/2012,2,0
10/30/2012,4,0
10/31/2012,2,0
11/1/2012,5,0
11/2/2012,3,0
11/3/2012,1,0
11/4/2012,5,0
11/5/2012,1,0
11/6/2012,1,0
11/7/2012,3,0
11/8/2012,2,0
11/9/2012,3,0
11/10/2012,6,0
11/11/2012,8,0
11/13/2012,5,0
11/14/2012,2,0
11/15/2012,1,0
11/16/2012,1,1
11/17/2012,8,1
11/19/2012,4,0
11/20/2012,2,0
11/21/2012,2,0
11/22/2012,4,1
11/23/2012,5,1
11/24/2012,3,1
11/25/2012,5,1
11/27/2012,2,0
11/28/2012,3,1
11/29/2012,2,1
11/30/2012,11,3
12/1/2012,3,0
12/2/2012,8,0
12/3/2012,1,1
12/4/2012,1,0
12/5/2012,3,1
12/6/2012,1,0
12/7/2012,1,0
12/8/2012,3,0
12/9/2012,3,1
12/10/2012,5,1
12/11/2012,5,1
12/12/2012,4,0
12/13/2012,4,1
12/14/2012,2,0
12/16/2012,3,0
12/17/2012,4,0
12/19/2012,3,3
12/20/2012,4,1
12/21/2012,4,2
12/22/2012,3,1
12/23/2012,10,4
12/24/2012,3,0
12/25/2012,2,0
12/27/2012,3,0
12/28/2012,2,0
12/29/2012,9,3
12/30/2012,3,0
12/31/2012,3,1
1/1/2013,11,0
1/2/2013,2,0
1/3/2013,10,2
1/4/2013,4,3
1/5/2013,4,1
1/6/2013,4,2
1/7/2013,11,3
1/8/2013,7,0
1/9/2013,2,0
1/10/2013,8,1
1/11/2013,1,0
1/12/2013,1,0
1/13/2013,7,1
1/14/2013,2,0
1/15/2013,2,0
1/16/2013,6,2
1/17/2013,2,0
1/18/2013,2,0
1/19/2013,2,0
1/20/2013,3,0
1/21/2013,1,0
1/22/2013,4,0
1/23/2013,3,0
1/24/2013,2,0
1/25/2013,1,0
1/26/2013,2,1
1/27/2013,5,1
1/28/2013,1,0
1/29/2013,2,0
1/30/2013,5,0
1/31/2013,2,2
2/1/2013,4,0
2/2/2013,2,1
2/4/2013,1,0
2/5/2013,5,3
2/6/2013,1,0
2/7/2013,5,1
2/8/2013,5,1
2/9/2013,5,1
2/10/2013,3,0
2/12/2013,1,0
2/13/2013,1,0
2/14/2013,3,0
2/15/2013,2,0
2/16/2013,2,0
2/17/2013,2,0
2/18/2013,1,0
2/19/2013,2,0
2/20/2013,6,3
2/21/2013,1,0
2/22/2013,1,0
2/23/2013,2,0
2/24/2013,6,5
2/25/2013,2,1
2/26/2013,2,0
2/27/2013,1,0
3/1/2013,2,0
3/2/2013,3,0
3/3/2013,6,1
3/5/2013,2,0
3/6/2013,6,6
3/7/2013,3,0
3/9/2013,4,0
3/10/2013,5,1
3/11/2013,2,0
3/12/2013,2,0
3/13/2013,1,0
3/14/2013,1,0
3/15/2013,3,1
3/16/2013,3,0
3/17/2013,3,0
3/18/2013,6,0
3/19/2013,1,1
3/20/2013,3,1
3/22/2013,6,3
3/23/2013,4,0
3/24/2013,5,2
3/25/2013,2,0
3/27/2013,2,0
3/28/2013,2,0
3/29/2013,1,0
3/30/2013,5,0
3/31/2013,2,1
4/1/2013,2,1
4/2/2013,4,0
4/3/2013,1,0
4/4/2013,2,0
4/5/2013,1,0
4/6/2013,3,1
4/7/2013,1,0
4/8/2013,3,0
4/9/2013,4,1
4/10/2013,4,0
4/11/2013,5,1
4/12/2013,1,0
4/13/2013,2,0
4/14/2013,2,0
4/15/2013,9,7
4/16/2013,3,1
4/18/2013,1,0
4/19/2013,4,0
4/20/2013,9,0
4/21/2013,1,0
4/22/2013,7,3
4/23/2013,1,0
4/24/2013,4,1
4/25/2013,3,0
4/26/2013,1,0
4/27/2013,7,1
4/28/2013,3,2
4/29/2013,4,0
4/30/2013,2,0
5/2/2013,2,1
5/3/2013,6,3
5/4/2013,1,0
5/5/2013,5,1
5/6/2013,1,0
5/7/2013,2,0
5/8/2013,1,0
5/9/2013,2,0
5/10/2013,4,0
5/11/2013,4,0
5/12/2013,3,0
5/13/2013,5,0
5/14/2013,2,0
5/15/2013,1,0
5/16/2013,4,1
5/17/2013,3,0
5/18/2013,8,3
5/19/2013,4,0
5/20/2013,2,2
5/21/2013,3,0
5/22/2013,1,0
5/23/2013,1,0
5/24/2013,2,1
5/25/2013,2,0
5/26/2013,3,1
5/27/2013,6,2
5/28/2013,1,0
5/29/2013,3,0
5/30/2013,9,4
5/31/2013,8,3
6/1/2013,7,1
6/2/2013,10,3
6/3/2013,5,1
6/4/2013,2,1
6/5/2013,3,1
6/8/2013,2,0
6/9/2013,8,1
6/10/2013,3,0
6/11/2013,1,0
6/12/2013,1,0
6/13/2013,2,0
6/14/2013,3,0
6/15/2013,7,0
6/16/2013,8,1
6/17/2013,10,0
6/18/2013,1,0
6/19/2013,2,0
6/21/2013,9,0
6/22/2013,9,1
6/23/2013,9,0
6/24/2013,4,0
6/25/2013,9,4
6/26/2013,1,1
6/27/2013,3,1
6/28/2013,4,1
6/29/2013,9,0
6/30/2013,7,0
7/1/2013,5,2
7/2/2013,4,1
7/4/2013,5,0
7/5/2013,13,2
7/6/2013,6,2
7/7/2013,10,1
7/8/2013,1,0
7/9/2013,5,0
7/10/2013,4,0
7/11/2013,3,0
7/12/2013,2,1
7/13/2013,6,0
7/14/2013,5,1
7/15/2013,1,1
7/16/2013,1,0
7/17/2013,4,0
7/18/2013,2,0
7/19/2013,2,1
7/20/2013,19,2
7/21/2013,14,2
7/22/2013,1,0
7/23/2013,3,1
7/24/2013,3,1
7/26/2013,1,0
7/27/2013,4,1
7/28/2013,10,0
7/29/2013,2,0
7/30/2013,3,0
7/31/2013,2,0
8/1/2013,1,0
8/2/2013,1,0
8/3/2013,6,3
8/4/2013,3,0
8/5/2013,1,1
8/6/2013,3,0
8/8/2013,1,0
8/9/2013,1,1
8/10/2013,7,1
8/11/2013,13,1
8/12/2013,7,1
8/13/2013,5,1
8/14/2013,2,0
8/15/2013,11,2
8/16/2013,7,0
8/17/2013,4,0
8/18/2013,13,1
8/20/2013,5,0
8/21/2013,8,1
8/22/2013,5,0
8/23/2013,5,2
8/24/2013,8,0
8/25/2013,13,4
8/26/2013,3,2
8/27/2013,2,0
8/28/2013,5,0
8/29/2013,3,0
8/30/2013,6,1
8/31/2013,13,1
9/1/2013,7,1
9/2/2013,8,0
9/3/2013,3,0
9/4/2013,5,0
9/5/2013,3,1
9/6/2013,5,0
9/7/2013,11,2
9/8/2013,5,0
9/9/2013,4,1
9/11/2013,6,1
9/12/2013,2,0
9/13/2013,5,0
9/14/2013,4,0
9/15/2013,2,0
9/17/2013,2,2
9/18/2013,1,1
9/19/2013,5,0
9/20/2013,6,1
9/21/2013,7,1
9/22/2013,1,0
9/23/2013,6,0
9/24/2013,1,0
9/25/2013,5,1
9/26/2013,4,0
9/27/2013,4,1
9/28/2013,5,0
9/29/2013,3,0
10/1/2013,3,1
10/2/2013,1,1
10/3/2013,7,2
10/4/2013,6,1
10/5/2013,8,4
10/6/2013,4,1
10/7/2013,1,0
10/8/2013,2,0
10/9/2013,1,0
10/10/2013,3,0
10/11/2013,5,0
10/12/2013,5,0
10/13/2013,1,0
10/14/2013,8,1
10/15/2013,6,2
10/16/2013,2,0
10/17/2013,1,0
10/18/2013,6,3
10/19/2013,12,3
10/20/2013,7,1
10/22/2013,1,0
10/23/2013,5,1
10/24/2013,2,0
10/25/2013,1,0
10/26/2013,6,0
10/27/2013,4,2
10/28/2013,4,0
10/29/2013,3,1
10/30/2013,3,0
10/31/2013,7,3
11/1/2013,3,0
11/2/2013,1,0
11/3/2013,2,0
11/5/2013,2,1
11/6/2013,1,0
11/8/2013,5,1
11/9/2013,6,0
11/10/2013,6,1
11/11/2013,6,2
11/12/2013,2,0
11/13/2013,1,0
11/14/2013,3,1
11/15/2013,8,2
11/16/2013,3,0
11/17/2013,5,1
11/18/2013,6,0
11/19/2013,1,0
11/20/2013,2,0
11/21/2013,1,0
11/22/2013,11,6
11/23/2013,7,0
11/24/2013,2,1
11/25/2013,1,0
11/26/2013,2,1
11/27/2013,2,1
11/29/2013,5,1
11/30/2013,4,0
12/1/2013,2,1
12/2/2013,3,2
12/3/2013,4,0
12/4/2013,5,0
12/5/2013,1,0
12/6/2013,3,0
12/7/2013,5,0
12/8/2013,5,0
12/10/2013,3,0
12/11/2013,1,0
12/13/2013,3,1
12/14/2013,3,0
12/15/2013,2,0
12/16/2013,2,0
12/18/2013,1,0
12/19/2013,3,0
12/20/2013,2,1
12/21/2013,5,1
12/22/2013,7,2
12/23/2013,8,2
12/24/2013,4,1
12/25/2013,5,0
12/26/2013,2,1
12/27/2013,2,0
12/28/2013,2,0
12/29/2013,3,0
12/30/2013,3,0
12/31/2013,2,0
1/1/2014,12,2
1/2/2014,4,1
1/3/2014,10,4
1/4/2014,2,2
1/5/2014,1,1
1/6/2014,1,0
1/7/2014,1,0
1/8/2014,2,2
1/9/2014,1,0
1/10/2014,12,6
1/11/2014,4,0
1/12/2014,1,0
1/13/2014,4,0
1/14/2014,3,1
1/15/2014,2,0
1/16/2014,2,1
1/17/2014,1,0
1/18/2014,4,1
1/19/2014,2,0
1/20/2014,5,0
1/21/2014,2,1
1/22/2014,4,0
1/24/2014,4,1
1/25/2014,1,0
1/26/2014,3,0
1/29/2014,3,1
1/30/2014,3,0
1/31/2014,13,4
2/1/2014,3,0
2/2/2014,2,0
2/3/2014,2,1
2/4/2014,3,1
2/5/2014,2,1
2/6/2014,1,0
2/7/2014,3,0
2/9/2014,2,0
2/10/2014,1,0
2/11/2014,1,0
2/12/2014,1,0
2/14/2014,4,0
2/15/2014,1,0
2/16/2014,4,0
2/17/2014,2,0
2/18/2014,3,0
2/19/2014,2,0
2/20/2014,1,0
2/21/2014,5,0
2/22/2014,1,0
2/23/2014,3,1
2/24/2014,2,0
2/26/2014,1,0
2/27/2014,1,0
2/28/2014,1,0
3/1/2014,4,0
3/2/2014,2,1
3/3/2014,1,0
3/7/2014,1,0
3/8/2014,7,0
3/9/2014,3,2
3/10/2014,3,0
3/11/2014,10,1
3/12/2014,4,0
3/13/2014,6,3
3/14/2014,5,1
3/15/2014,5,1
3/16/2014,4,2
3/17/2014,2,0
3/19/2014,1,0
3/20/2014,2,2
3/22/2014,5,0
3/23/2014,9,1
3/24/2014,1,1
3/25/2014,3,0
3/26/2014,4,0
3/27/2014,3,2
3/28/2014,8,2
3/29/2014,5,2
3/30/2014,8,4
3/31/2014,3,0
4/1/2014,7,2
4/2/2014,3,1
4/3/2014,3,0
4/5/2014,1,0
4/6/2014,5,4
4/7/2014,3,0
4/8/2014,1,0
4/9/2014,3,0
4/10/2014,4,0
4/11/2014,2,0
4/12/2014,6,1
4/13/2014,3,0
4/14/2014,11,1
4/15/2014,2,1
4/17/2014,3,1
4/18/2014,1,0
4/19/2014,6,2
4/20/2014,6,0
4/22/2014,6,0
4/24/2014,2,0
4/25/2014,3,0
4/26/2014,5,2
4/27/2014,2,0
4/28/2014,4,0
4/29/2014,5,0
4/30/2014,1,0
5/1/2014,1,0
5/2/2014,7,0
5/4/2014,4,0
5/5/2014,4,1
5/6/2014,3,0
5/7/2014,5,0
5/8/2014,4,1
5/9/2014,3,2
5/10/2014,3,1
5/11/2014,7,2
5/12/2014,3,0
5/13/2014,3,0
5/14/2014,1,0
5/15/2014,5,0
5/16/2014,3,0
5/17/2014,11,0
5/18/2014,7,1
5/19/2014,5,0
5/20/2014,2,0
5/21/2014,5,1
5/22/2014,1,0
5/23/2014,2,0
5/24/2014,4,0
5/25/2014,7,1
5/26/2014,9,2
5/27/2014,5,1
5/28/2014,1,0
5/29/2014,1,1
5/30/2014,3,0
5/31/2014,10,0
6/1/2014,4,0
6/2/2014,3,1
6/3/2014,3,0
6/4/2014,10,2
6/5/2014,2,0
6/6/2014,3,1
6/7/2014,7,1
6/8/2014,11,3
6/9/2014,3,0
6/10/2014,2,0
6/11/2014,4,0
6/12/2014,2,0
6/13/2014,1,0
6/14/2014,3,1
6/15/2014,7,0
6/16/2014,5,2
6/17/2014,8,0
6/18/2014,5,1
6/19/2014,8,3
6/20/2014,3,1
6/21/2014,9,0
6/22/2014,12,4
6/23/2014,1,0
6/24/2014,4,0
6/25/2014,4,0
6/26/2014,2,0
6/27/2014,2,0
6/28/2014,5,1
6/29/2014,16,4
6/30/2014,4,1
7/1/2014,4,0
7/2/2014,7,0
7/3/2014,3,1
7/4/2014,6,0
7/5/2014,5,0
7/6/2014,18,5
7/7/2014,5,0
7/8/2014,4,2
7/9/2014,3,0
7/10/2014,2,1
7/11/2014,7,1
7/12/2014,10,0
7/13/2014,7,1
7/14/2014,4,1
7/15/2014,10,4
7/16/2014,2,0
7/17/2014,4,1
7/18/2014,1,0
7/19/2014,6,0
7/20/2014,7,0
7/21/2014,3,0
7/22/2014,5,0
7/23/2014,2,0
7/25/2014,3,1
7/26/2014,5,0
7/27/2014,10,0
7/28/2014,3,0
7/29/2014,3,2
7/30/2014,7,1
7/31/2014,5,1
8/1/2014,8,0
8/2/2014,9,0
8/3/2014,5,0
8/4/2014,2,0
8/5/2014,4,2
8/6/2014,8,0
8/8/2014,2,0
8/9/2014,5,0
8/10/2014,12,3
8/11/2014,2,1
8/12/2014,6,3
8/13/2014,4,1
8/14/2014,2,0
8/15/2014,3,0
8/16/2014,8,0
8/17/2014,15,2
8/18/2014,3,1
8/19/2014,3,2
8/20/2014,11,3
8/21/2014,3,1
8/22/2014,4,2
8/23/2014,12,0
8/24/2014,3,0
8/25/2014,2,0
8/26/2014,3,1
8/27/2014,6,0
8/28/2014,2,0
8/29/2014,8,2
8/30/2014,7,0
8/31/2014,7,2
9/1/2014,15,4
9/3/2014,4,2
9/4/2014,1,0
9/5/2014,6,1
9/6/2014,6,3
9/7/2014,3,1
9/8/2014,5,1
9/9/2014,1,0
9/10/2014,2,0
9/11/2014,3,1
9/12/2014,5,0
9/13/2014,4,0
9/14/2014,1,0
9/15/2014,1,0
9/16/2014,3,0
9/17/2014,2,0
9/18/2014,3,0
9/19/2014,4,0
9/20/2014,2,1
9/21/2014,4,1
9/22/2014,4,1
9/23/2014,3,0
9/24/2014,1,0
9/25/2014,3,2
9/26/2014,10,1
9/27/2014,9,1
9/28/2014,2,0
9/29/2014,1,0
9/30/2014,1,0
10/1/2014,5,0
10/2/2014,14,6
10/3/2014,4,0
10/4/2014,4,0
10/5/2014,9,3
10/6/2014,4,1
10/7/2014,1,0
10/8/2014,3,0
10/9/2014,2,0
10/10/2014,5,1
10/11/2014,5,1
10/12/2014,9,1
10/13/2014,2,0
10/15/2014,7,1
10/16/2014,4,0
10/17/2014,9,0
10/18/2014,5,0
10/19/2014,4,0
10/22/2014,4,1
10/23/2014,4,1
10/24/2014,2,1
10/25/2014,2,0
10/26/2014,2,1
10/27/2014,2,0
10/28/2014,3,0
10/29/2014,6,0
10/30/2014,1,0
10/31/2014,8,3
11/1/2014,4,0
11/2/2014,7,1
11/3/2014,4,0
11/4/2014,5,0
11/5/2014,3,0
11/6/2014,1,0
11/7/2014,7,2
11/8/2014,6,0
11/9/2014,4,1
11/10/2014,4,2
11/11/2014,2,0
11/12/2014,7,1
11/13/2014,3,0
11/14/2014,1,0
11/15/2014,3,0
11/18/2014,2,0
11/19/2014,5,1
11/20/2014,3,1
11/21/2014,4,1
11/22/2014,6,0
11/23/2014,1,0
11/24/2014,5,4
11/25/2014,2,0
11/26/2014,7,2
11/27/2014,2,1
11/28/2014,3,1
11/29/2014,3,0
11/30/2014,3,0
12/1/2014,10,0
12/2/2014,2,1
12/3/2014,3,1
12/5/2014,11,4
12/6/2014,9,5
12/7/2014,4,0
12/8/2014,8,3
12/9/2014,1,0
12/11/2014,1,0
12/12/2014,9,0
12/13/2014,4,0
12/14/2014,8,1
12/15/2014,10,4
12/16/2014,1,0
12/17/2014,2,0
12/18/2014,2,0
12/19/2014,3,0
12/20/2014,4,2
12/21/2014,5,0
12/22/2014,4,0
12/23/2014,4,0
12/24/2014,1,1
12/25/2014,6,2
12/26/2014,2,0
12/27/2014,5,1
12/28/2014,9,2
12/29/2014,5,2
12/30/2014,4,1
12/31/2014,3,0
1/1/2015,3,1
1/2/2015,6,1
1/3/2015,2,1
1/4/2015,1,1
1/5/2015,7,0
1/6/2015,6,3
1/7/2015,2,0
1/8/2015,2,1
1/9/2015,1,0
1/10/2015,3,1
1/11/2015,9,2
1/12/2015,7,3
1/13/2015,1,0
1/14/2015,4,0
1/15/2015,2,0
1/16/2015,2,0
1/17/2015,3,0
1/18/2015,5,0
1/19/2015,3,0
1/20/2015,9,3
1/21/2015,3,1
1/22/2015,4,1
1/23/2015,2,0
1/24/2015,8,3
1/25/2015,7,3
1/26/2015,4,0
1/27/2015,2,1
1/29/2015,2,0
1/30/2015,4,0
1/31/2015,3,1
2/1/2015,12,4
2/2/2015,2,0
2/3/2015,2,0
2/4/2015,2,0
2/5/2015,5,0
2/7/2015,2,0
2/8/2015,2,0
2/9/2015,2,0
2/11/2015,1,0
2/12/2015,1,0
2/13/2015,3,1
2/14/2015,1,0
2/15/2015,2,0
2/16/2015,4,2
2/17/2015,2,0
2/18/2015,3,0
2/19/2015,3,3
2/20/2015,2,0
2/21/2015,5,0
2/22/2015,3,2
2/23/2015,2,1
2/24/2015,2,0
2/25/2015,1,0
2/27/2015,2,0
2/28/2015,2,0
3/1/2015,2,0
3/3/2015,5,1
3/4/2015,3,2
3/5/2015,1,0
3/6/2015,2,2
3/7/2015,3,0
3/8/2015,3,0
3/9/2015,4,0
3/10/2015,1,0
3/11/2015,2,0
3/12/2015,2,0
3/13/2015,10,6
3/14/2015,8,2
3/15/2015,5,0
3/16/2015,2,0
3/17/2015,2,0
3/19/2015,1,0
3/20/2015,1,0
3/21/2015,4,1
3/22/2015,4,1
3/23/2015,7,0
3/24/2015,1,1
3/25/2015,1,0
3/26/2015,5,5
3/27/2015,1,0
3/28/2015,5,0
3/29/2015,1,0
3/30/2015,2,0
3/31/2015,5,1
4/1/2015,3,0
4/3/2015,3,0
4/4/2015,2,1
4/5/2015,4,2
4/6/2015,4,0
4/7/2015,2,0
4/8/2015,6,2
4/10/2015,3,0
4/11/2015,2,0
4/12/2015,6,0
4/13/2015,3,0
4/14/2015,2,0
4/15/2015,5,2
4/17/2015,6,2
4/18/2015,14,0
4/19/2015,6,1
4/20/2015,1,0
4/21/2015,6,1
4/22/2015,1,0
4/24/2015,2,0
4/25/2015,4,0
4/26/2015,6,0
4/27/2015,8,5
4/28/2015,1,0
4/29/2015,5,1
4/30/2015,1,0
5/1/2015,1,0
5/2/2015,1,1
5/3/2015,8,0
5/4/2015,10,0
5/5/2015,6,2
5/6/2015,6,0
5/7/2015,7,0
5/8/2015,3,1
5/9/2015,7,1
5/10/2015,5,3
5/11/2015,7,2
5/12/2015,7,1
5/13/2015,4,1
5/14/2015,8,0
5/15/2015,1,0
5/16/2015,6,0
5/17/2015,9,2
5/18/2015,4,1
5/19/2015,3,0
5/20/2015,1,1
5/21/2015,5,0
5/22/2015,7,3
5/23/2015,8,1
5/24/2015,8,0
5/25/2015,6,2
5/26/2015,14,5
5/27/2015,5,1
5/28/2015,3,1
5/29/2015,7,4
5/30/2015,10,4
5/31/2015,4,0
6/1/2015,2,0
6/2/2015,2,0
6/3/2015,2,1
6/4/2015,1,0
6/6/2015,6,2
6/7/2015,3,0
6/8/2015,5,1
6/9/2015,10,1
6/10/2015,7,0
6/11/2015,3,0
6/12/2015,13,1
6/13/2015,9,1
6/14/2015,5,0
6/15/2015,7,0
6/17/2015,4,0
6/18/2015,3,2
6/19/2015,4,0
6/20/2015,5,0
6/21/2015,7,0
6/22/2015,6,1
6/23/2015,5,0
6/24/2015,5,0
6/25/2015,6,2
6/26/2015,2,0
6/27/2015,3,1
6/28/2015,3,1
6/29/2015,7,3
7/1/2015,3,1
7/2/2015,3,0
7/3/2015,4,1
7/4/2015,6,1
7/5/2015,4,0
7/7/2015,3,1
7/8/2015,5,1
7/9/2015,2,0
7/10/2015,3,0
7/11/2015,8,0
7/12/2015,4,0
7/13/2015,13,3
7/14/2015,1,0
7/15/2015,4,1
7/16/2015,4,1
7/17/2015,8,2
7/18/2015,2,1
7/19/2015,7,2
7/20/2015,5,0
7/21/2015,3,0
7/22/2015,3,0
7/23/2015,9,2
7/24/2015,5,1
7/25/2015,5,2
7/26/2015,5,1
7/27/2015,1,0
7/28/2015,4,0
7/29/2015,3,0
7/30/2015,2,0
7/31/2015,3,0
8/1/2015,5,1
8/2/2015,12,4
8/3/2015,4,0
8/4/2015,4,0
8/5/2015,7,2
8/6/2015,4,0
8/7/2015,5,2
8/8/2015,6,1
8/9/2015,8,0
8/10/2015,2,0
8/12/2015,3,0
8/13/2015,4,1
8/14/2015,7,1
8/15/2015,5,1
8/16/2015,7,2
8/17/2015,4,0
8/18/2015,2,0
8/19/2015,3,0
8/20/2015,5,0
8/21/2015,4,1
8/22/2015,10,3
8/23/2015,16,2
8/24/2015,4,2
8/25/2015,6,1
8/26/2015,2,2
8/27/2015,1,0
8/28/2015,5,2
8/29/2015,5,2
8/30/2015,6,1
8/31/2015,6,0
9/1/2015,6,1
9/2/2015,4,0
9/3/2015,1,0
9/4/2015,6,3
9/5/2015,7,1
9/6/2015,7,0
9/7/2015,5,2
9/8/2015,4,0
9/9/2015,4,1
9/10/2015,1,0
9/11/2015,4,1
9/12/2015,8,1
9/14/2015,2,1
9/15/2015,1,0
9/16/2015,1,0
9/17/2015,1,0
9/18/2015,1,0
9/19/2015,11,4
9/20/2015,6,3
9/21/2015,5,1
9/22/2015,3,0
9/23/2015,1,0
9/25/2015,6,0
9/26/2015,13,4
9/27/2015,2,1
9/28/2015,2,0
9/29/2015,2,0
9/30/2015,1,1
10/1/2015,1,0
10/2/2015,1,0
10/3/2015,1,0
10/4/2015,8,3
10/5/2015,2,1
10/6/2015,7,3
10/8/2015,2,1
10/9/2015,5,1
10/10/2015,3,0
10/11/2015,2,1
10/12/2015,6,3
10/13/2015,2,0
10/14/2015,5,1
10/16/2015,1,0
10/17/2015,6,2
10/18/2015,6,1
10/19/2015,2,0
10/20/2015,4,1
10/22/2015,3,1
10/23/2015,2,0
10/24/2015,5,0
10/25/2015,4,1
10/26/2015,6,3
10/27/2015,2,1
10/28/2015,5,3
10/29/2015,1,0
10/30/2015,3,0
10/31/2015,8,2
11/1/2015,6,1
11/2/2015,3,0
11/4/2015,6,1
11/5/2015,2,0
11/6/2015,2,0
11/7/2015,6,0
11/8/2015,3,1
11/9/2015,10,4
11/10/2015,1,1
11/11/2015,3,2
11/13/2015,3,0
11/14/2015,1,0
11/15/2015,3,0
11/16/2015,7,0
11/17/2015,2,0
11/18/2015,1,1
11/19/2015,5,0
11/20/2015,3,1
11/21/2015,3,1
11/22/2015,3,0
11/24/2015,4,3
11/25/2015,8,1
11/26/2015,8,1
11/27/2015,5,2
11/28/2015,2,1
11/29/2015,2,0
11/30/2015,2,0
12/1/2015,2,1
12/3/2015,8,3
12/4/2015,3,0
12/5/2015,4,0
12/6/2015,3,0
12/7/2015,6,1
12/8/2015,3,0
12/9/2015,2,1
12/10/2015,4,0
12/11/2015,4,1
12/12/2015,3,0
12/13/2015,7,1
12/14/2015,7,1
12/15/2015,3,0
12/16/2015,2,0
12/17/2015,4,1
12/18/2015,2,0
12/19/2015,5,2
12/20/2015,3,1
12/21/2015,2,0
12/23/2015,1,0
12/24/2015,8,4
12/25/2015,6,0
12/26/2015,6,1
12/27/2015,1,0
12/28/2015,6,4
12/29/2015,2,0
12/30/2015,6,0
12/31/2015,5,1
1/1/2016,7,0
1/2/2016,3,0
1/3/2016,3,0
1/4/2016,1,0
1/5/2016,2,0
1/6/2016,3,1
1/7/2016,1,0
1/9/2016,5,1
1/10/2016,6,3
1/11/2016,4,4
1/13/2016,4,2
1/14/2016,3,0
1/15/2016,2,0
1/16/2016,6,1
1/17/2016,4,1
1/21/2016,6,3
1/22/2016,1,0
1/23/2016,4,1
1/24/2016,1,0
1/25/2016,2,0
1/26/2016,1,0
1/27/2016,4,2
1/28/2016,2,0
1/30/2016,4,0
2/1/2016,1,0
2/2/2016,1,0
2/3/2016,1,0
2/4/2016,6,0
2/5/2016,1,0
2/6/2016,3,0
2/8/2016,1,1
2/9/2016,3,0
2/10/2016,2,0
2/11/2016,2,1
2/13/2016,4,2
2/15/2016,4,1
2/16/2016,4,1
2/18/2016,2,0
2/19/2016,6,0
2/20/2016,9,0
2/21/2016,1,0
2/22/2016,1,1
2/25/2016,8,1
2/26/2016,2,0
2/27/2016,3,0
2/28/2016,4,0
2/29/2016,5,0
3/1/2016,1,0
3/2/2016,1,0
3/4/2016,2,0
3/5/2016,3,0
3/6/2016,2,1
3/7/2016,2,0
3/8/2016,4,0
3/9/2016,2,0
3/10/2016,8,1
3/11/2016,4,1
3/12/2016,2,0
3/13/2016,7,1
3/14/2016,3,1
3/17/2016,2,1
3/18/2016,3,1
3/19/2016,2,1
3/20/2016,3,0
3/21/2016,1,0
3/23/2016,1,0
3/24/2016,7,3
3/25/2016,5,1
3/26/2016,4,0
3/27/2016,2,0
3/28/2016,3,0
3/29/2016,2,0
3/30/2016,1,0
3/31/2016,2,0
4/1/2016,4,0
4/2/2016,2,0
4/3/2016,2,0
4/4/2016,2,0
4/5/2016,2,0
4/6/2016,2,0
4/8/2016,3,1
4/9/2016,2,1
4/10/2016,1,0
4/11/2016,6,0
4/12/2016,4,0
4/14/2016,4,2
4/15/2016,4,1
4/16/2016,4,1
4/17/2016,3,2
4/18/2016,1,0
4/19/2016,1,1
4/21/2016,4,1
4/22/2016,2,0
4/23/2016,9,1
4/24/2016,2,0
4/26/2016,1,1
4/27/2016,3,0
4/28/2016,2,2
4/29/2016,1,1
4/30/2016,1,0
5/1/2016,2,0
5/3/2016,2,0
5/4/2016,1,1
5/5/2016,1,0
5/6/2016,1,1
5/7/2016,4,0
5/8/2016,5,2
5/9/2016,1,1
5/10/2016,2,0
5/11/2016,3,0
5/12/2016,1,1
5/13/2016,3,0
5/14/2016,2,0
5/15/2016,2,0
5/16/2016,5,0
5/17/2016,2,1
5/18/2016,8,4
5/19/2016,3,2
5/20/2016,5,0
5/21/2016,7,0
5/22/2016,3,0
5/23/2016,2,0
5/24/2016,1,0
5/25/2016,5,2
5/26/2016,4,0
5/27/2016,7,1
5/28/2016,5,0
5/29/2016,13,2
5/30/2016,2,0
5/31/2016,6,2
6/1/2016,9,1
6/3/2016,4,1
6/4/2016,4,1
6/5/2016,9,2
6/6/2016,2,1
6/7/2016,2,1
6/10/2016,3,0
6/11/2016,9,3
6/12/2016,9,3
6/13/2016,6,0
6/15/2016,5,4
6/16/2016,4,0
6/17/2016,1,0
6/18/2016,7,2
6/19/2016,6,0
6/20/2016,6,1
6/21/2016,2,0
6/22/2016,1,0
6/23/2016,6,2
6/25/2016,7,0
6/26/2016,4,1
6/28/2016,1,0
6/29/2016,4,2
6/30/2016,5,1
7/1/2016,2,0
7/2/2016,2,0
7/3/2016,10,1
7/4/2016,17,1
7/5/2016,3,0
7/6/2016,1,0
7/8/2016,3,0
7/9/2016,4,1
7/10/2016,2,1
7/11/2016,1,0
7/12/2016,1,0
7/13/2016,3,0
7/14/2016,1,0
7/15/2016,4,2
7/16/2016,8,0
7/17/2016,7,2
7/18/2016,6,0
7/19/2016,4,2
7/20/2016,2,1
7/21/2016,3,1
7/22/2016,7,0
7/23/2016,4,1
7/24/2016,2,0
7/25/2016,5,3
7/27/2016,1,1
7/28/2016,1,0
7/29/2016,1,0
7/30/2016,4,1
7/31/2016,3,0
8/1/2016,4,0
8/2/2016,7,3
8/3/2016,5,3
8/4/2016,8,3
8/5/2016,9,0
8/6/2016,5,0
8/7/2016,10,1
8/8/2016,6,1
8/9/2016,6,3
8/10/2016,3,1
8/11/2016,4,1
8/12/2016,1,1
8/13/2016,12,1
8/14/2016,10,2
8/15/2016,2,0
8/16/2016,9,2
8/17/2016,11,2
8/18/2016,4,0
8/19/2016,4,0
8/20/2016,4,1
8/21/2016,10,1
8/22/2016,4,1
8/23/2016,6,0
8/24/2016,1,0
8/25/2016,3,0
8/26/2016,5,0
8/27/2016,4,0
8/28/2016,17,5
8/29/2016,6,1
8/30/2016,3,0
8/31/2016,1,0
9/1/2016,6,2
9/2/2016,4,1
9/3/2016,12,5
9/4/2016,8,1
9/5/2016,10,4
9/6/2016,5,3
9/7/2016,6,1
9/8/2016,1,0
9/9/2016,4,0
9/10/2016,3,1
9/11/2016,2,0
9/12/2016,6,0
9/14/2016,5,0
9/15/2016,5,0
9/16/2016,5,0
9/17/2016,4,0
9/18/2016,2,0
9/19/2016,1,1
9/20/2016,4,1
9/21/2016,4,1
9/22/2016,1,0
9/23/2016,1,1
9/24/2016,2,1
9/25/2016,3,0
9/26/2016,6,0
9/27/2016,5,3
9/28/2016,6,2
9/29/2016,4,0
9/30/2016,3,0
10/1/2016,3,2
10/2/2016,3,1
10/3/2016,5,3
10/4/2016,3,0
10/5/2016,4,2
10/6/2016,2,0
10/8/2016,7,0
10/9/2016,2,0
10/11/2016,2,0
10/12/2016,5,0
10/13/2016,2,1
10/14/2016,3,0
10/15/2016,7,1
10/16/2016,8,0
10/17/2016,2,0
10/18/2016,3,1
10/20/2016,2,0
10/21/2016,1,0
10/22/2016,3,0
10/23/2016,5,1
10/24/2016,1,0
10/25/2016,1,0
10/26/2016,1,0
10/27/2016,2,0
10/28/2016,2,0
10/29/2016,8,0
10/30/2016,11,1
10/31/2016,7,0
11/1/2016,2,1
11/2/2016,2,1
11/3/2016,1,1
11/4/2016,6,2
11/5/2016,1,0
11/7/2016,1,0
11/8/2016,1,0
11/9/2016,3,0
11/11/2016,1,0
11/12/2016,3,0
11/13/2016,7,0
11/14/2016,4,0
11/16/2016,2,0
11/17/2016,3,0
11/18/2016,2,0
11/19/2016,2,0
11/20/2016,4,3
11/21/2016,3,0
11/22/2016,1,1
11/23/2016,6,2
11/24/2016,3,0
11/25/2016,4,0
11/26/2016,3,1
11/27/2016,7,0
11/28/2016,4,2
11/30/2016,1,1
12/2/2016,1,0
12/3/2016,2,0
12/4/2016,4,1
12/5/2016,2,0
12/6/2016,2,0
12/7/2016,2,1
12/8/2016,4,0
12/9/2016,3,1
12/10/2016,4,0
12/11/2016,11,3
12/12/2016,3,0
12/13/2016,3,2
12/14/2016,2,1
12/15/2016,1,0
12/16/2016,1,0
12/17/2016,2,1
12/18/2016,1,1
12/19/2016,2,0
12/20/2016,1,1
12/22/2016,1,0
12/23/2016,2,0
12/24/2016,2,0
12/25/2016,3,1
12/26/2016,2,1
12/27/2016,2,0
12/28/2016,1,0
12/29/2016,2,0
12/30/2016,2,1
12/31/2016,6,1
1/1/2017,7,0
1/2/2017,7,2
1/3/2017,3,0
1/4/2017,2,0
1/5/2017,1,0
1/6/2017,4,2
1/11/2017,1,0
1/12/2017,1,0
1/13/2017,1,0
1/14/2017,1,0
1/15/2017,4,0
1/16/2017,3,0
1/17/2017,2,0
1/18/2017,1,0
1/20/2017,1,0
1/21/2017,5,0
1/22/2017,3,0
1/24/2017,3,1
1/25/2017,3,1
1/26/2017,3,0
1/27/2017,4,0
1/28/2017,3,0
1/29/2017,2,0
1/30/2017,2,1
1/31/2017,1,0
2/1/2017,1,0
2/2/2017,1,0
2/3/2017,3,1
2/4/2017,1,0
2/5/2017,3,1
2/6/2017,1,0
2/8/2017,9,3
2/9/2017,1,0
2/11/2017,2,1
2/15/2017,4,2
2/17/2017,1,0
2/18/2017,1,0
2/19/2017,4,0
2/20/2017,8,2
2/22/2017,3,0
2/23/2017,1,0
2/24/2017,1,0
2/25/2017,1,0
2/27/2017,2,0
3/1/2017,2,0
3/2/2017,1,0
3/3/2017,1,0
3/4/2017,2,0
3/6/2017,1,1
3/7/2017,1,1
3/8/2017,6,0
3/9/2017,2,0
3/10/2017,1,0
3/11/2017,2,0
3/12/2017,2,1
3/13/2017,1,0
3/14/2017,2,0
3/15/2017,2,1
3/16/2017,3,0
3/17/2017,2,0
3/18/2017,2,0
3/19/2017,1,1
3/20/2017,1,0
3/21/2017,4,0
3/22/2017,2,0
3/24/2017,2,0
3/25/2017,2,0
3/26/2017,3,0
3/27/2017,1,1
3/28/2017,3,0
3/29/2017,3,2
3/31/2017,1,1
4/1/2017,2,1
4/2/2017,1,1
4/3/2017,3,0
4/4/2017,4,1
4/6/2017,1,0
4/8/2017,3,0
4/9/2017,4,0
4/10/2017,4,0
4/11/2017,7,4
4/13/2017,1,0
4/14/2017,1,0
4/15/2017,3,0
4/16/2017,8,2
4/17/2017,5,0
4/18/2017,4,0
4/20/2017,2,0
4/22/2017,3,1
4/24/2017,5,0
4/27/2017,4,0
4/28/2017,10,3
4/29/2017,4,0
4/30/2017,2,0
5/1/2017,7,4
5/2/2017,2,0
5/3/2017,2,0
5/6/2017,1,0
5/7/2017,2,0
5/8/2017,2,0
5/9/2017,1,0
5/10/2017,2,0
5/11/2017,1,0
5/12/2017,1,0
5/13/2017,2,0
5/14/2017,9,2
5/15/2017,4,1
5/16/2017,1,0
5/18/2017,2,1
5/19/2017,3,0
5/20/2017,3,2
5/21/2017,2,1
5/22/2017,3,0
5/23/2017,1,0
5/24/2017,3,1
5/25/2017,2,0
5/26/2017,5,1
5/27/2017,11,2
5/28/2017,3,0
5/29/2017,1,0
5/30/2017,2,2
5/31/2017,10,3
6/1/2017,3,0
6/2/2017,2,1
6/3/2017,4,1
6/4/2017,3,0
6/5/2017,1,0
6/6/2017,1,0
6/7/2017,3,0
6/8/2017,2,0
6/9/2017,6,3
6/10/2017,2,0
6/11/2017,13,0
6/13/2017,2,0
6/14/2017,2,0
6/16/2017,4,0
6/17/2017,7,2
6/18/2017,4,0
6/19/2017,2,0
6/20/2017,2,0
6/21/2017,4,1
6/22/2017,3,0
6/23/2017,3,2
6/24/2017,13,0
6/25/2017,8,2
6/28/2017,2,0
6/29/2017,2,0
6/30/2017,15,7
7/1/2017,6,1
7/2/2017,5,0
7/3/2017,4,0
7/4/2017,2,0
7/5/2017,8,4
7/7/2017,7,3
7/9/2017,6,0
7/10/2017,1,0
7/11/2017,3,2
7/12/2017,5,2
7/13/2017,5,1
7/14/2017,8,3
7/15/2017,1,0
7/16/2017,1,1
7/17/2017,2,1
7/18/2017,1,0
7/19/2017,3,0
7/20/2017,3,0
7/21/2017,5,0
7/22/2017,2,1
7/23/2017,7,0
7/24/2017,1,0
7/25/2017,4,2
7/26/2017,2,0
7/27/2017,2,0
7/28/2017,2,0
7/29/2017,3,0
7/30/2017,3,0
7/31/2017,2,1
8/1/2017,1,0
8/2/2017,1,0
8/3/2017,3,0
8/4/2017,5,0
8/5/2017,3,0
8/6/2017,9,0
8/7/2017,2,1
8/8/2017,3,0
8/9/2017,3,0
8/10/2017,3,1
8/12/2017,1,0
8/13/2017,2,1
8/14/2017,4,0
8/15/2017,4,1
8/17/2017,2,0
8/18/2017,7,1
8/19/2017,4,0
8/20/2017,11,0
8/21/2017,4,0
8/22/2017,3,1
8/24/2017,2,0
8/25/2017,3,0
8/26/2017,2,0
8/27/2017,5,1
8/28/2017,1,0
8/29/2017,3,1
8/30/2017,5,0
9/1/2017,1,0
9/2/2017,1,0
9/3/2017,5,1
9/4/2017,6,0
9/5/2017,10,1
9/6/2017,1,0
9/7/2017,5,0
9/8/2017,1,0
9/9/2017,5,0
9/10/2017,4,0
9/11/2017,5,0
9/13/2017,2,1
9/14/2017,1,0
9/15/2017,1,0
9/16/2017,5,1
9/17/2017,7,1
9/20/2017,2,1
9/21/2017,2,0
9/22/2017,2,0
9/23/2017,1,0
9/24/2017,3,0
9/25/2017,4,0
9/26/2017,8,2
9/27/2017,1,0
9/28/2017,1,0
9/29/2017,5,2
9/30/2017,1,1
10/1/2017,3,1
10/3/2017,1,0
10/4/2017,2,0
10/5/2017,3,1
10/6/2017,2,0
10/7/2017,4,2
10/8/2017,1,0
10/9/2017,2,0
10/10/2017,9,0
10/11/2017,1,0
10/12/2017,5,2
10/13/2017,3,1
10/14/2017,2,0
10/15/2017,6,0
10/16/2017,1,0
10/17/2017,5,0
10/18/2017,2,1
10/19/2017,3,0
10/20/2017,6,1
10/21/2017,2,1
10/22/2017,1,0
10/23/2017,4,1
10/24/2017,2,0
10/25/2017,5,1
10/27/2017,3,0
10/28/2017,3,1
10/29/2017,3,1
10/31/2017,5,2
11/1/2017,2,2
11/3/2017,8,6
11/4/2017,4,2
11/5/2017,1,0
11/6/2017,2,0
11/7/2017,5,2
11/8/2017,1,0
11/11/2017,5,1
11/12/2017,2,0
11/14/2017,1,0
11/16/2017,1,0
11/17/2017,2,0
11/18/2017,4,1
11/19/2017,1,0
11/20/2017,2,1
11/21/2017,8,2
11/22/2017,2,0
11/23/2017,1,0
11/24/2017,4,1
11/25/2017,1,0
11/26/2017,1,0
11/27/2017,2,0
11/28/2017,1,0
12/1/2017,2,0
12/2/2017,4,4
12/3/2017,3,1
12/4/2017,2,0
12/6/2017,2,0
12/7/2017,1,1
12/8/2017,3,0
12/9/2017,2,0
12/10/2017,2,1
12/11/2017,1,0
12/12/2017,1,1
12/13/2017,4,0
12/14/2017,1,1
12/15/2017,3,1
12/16/2017,4,3
12/17/2017,2,0
12/18/2017,3,0
12/19/2017,3,2
12/20/2017,2,1
12/21/2017,4,2
12/22/2017,3,0
12/23/2017,3,0
12/24/2017,2,0
12/25/2017,7,0
12/26/2017,2,1
12/28/2017,3,1
12/29/2017,4,1
12/31/2017,3,0
1/1/2018,5,0
1/3/2018,4,0
1/5/2018,1,0
1/6/2018,20,9
1/8/2018,1,0
1/9/2018,4,1
1/10/2018,2,2
1/11/2018,1,0
1/13/2018,3,1
1/14/2018,5,0
1/15/2018,2,1
1/16/2018,5,2
1/18/2018,4,2
1/19/2018,1,0
1/21/2018,3,0
1/22/2018,2,0
1/23/2018,2,0
1/24/2018,4,0
1/26/2018,1,0
1/27/2018,3,1
1/28/2018,11,4
1/29/2018,1,1
1/30/2018,1,0
1/31/2018,2,0
2/2/2018,3,2
2/4/2018,2,2
2/5/2018,3,1
2/6/2018,1,0
2/8/2018,6,2
2/9/2018,3,1
2/12/2018,1,0
2/13/2018,1,0
2/15/2018,1,1
2/17/2018,2,0
2/18/2018,1,0
2/19/2018,3,0
2/21/2018,1,0
2/22/2018,1,0
2/24/2018,2,0
2/26/2018,2,0
2/27/2018,3,0
2/28/2018,5,0
3/2/2018,1,0
3/3/2018,4,2
3/4/2018,1,0
3/5/2018,4,0
3/6/2018,2,1
3/7/2018,1,0
3/8/2018,2,0
3/9/2018,2,0
3/10/2018,2,1
3/11/2018,1,1
3/12/2018,3,0
3/14/2018,4,3
3/15/2018,1,0
3/16/2018,1,0
3/17/2018,3,0
3/18/2018,1,0
3/21/2018,1,1
3/22/2018,3,1
3/23/2018,1,0
3/24/2018,4,1
3/25/2018,2,0
3/26/2018,1,0
3/28/2018,2,0
3/29/2018,1,0
3/30/2018,4,1
3/31/2018,4,1
4/1/2018,2,2
4/3/2018,1,0
4/4/2018,1,1
4/5/2018,1,0
4/7/2018,3,1
4/9/2018,5,0
4/10/2018,1,0
4/11/2018,1,0
4/12/2018,2,0
4/13/2018,8,3
4/14/2018,3,0
4/15/2018,2,0
4/16/2018,2,0
4/17/2018,3,1
4/18/2018,2,1
4/19/2018,6,0
4/21/2018,1,0
4/22/2018,2,2
4/23/2018,3,2
4/24/2018,4,1
4/25/2018,1,0
4/26/2018,6,3
4/27/2018,3,0
4/28/2018,1,0
4/29/2018,3,0
4/30/2018,1,0
5/1/2018,13,6
5/2/2018,5,1
5/3/2018,1,0
5/4/2018,2,2
5/5/2018,5,1
5/6/2018,4,0
5/7/2018,1,0
5/8/2018,1,0
5/9/2018,2,1
5/10/2018,1,1
5/11/2018,4,1
5/12/2018,1,0
5/13/2018,2,1
5/15/2018,2,0
5/16/2018,3,3
5/17/2018,3,0
5/18/2018,1,0
5/19/2018,3,1
5/20/2018,4,1
5/21/2018,5,0
5/22/2018,1,0
5/23/2018,2,1
5/24/2018,2,0
5/25/2018,4,1
5/26/2018,4,1
5/27/2018,7,0
5/28/2018,10,2
5/29/2018,3,0
5/30/2018,2,1
6/2/2018,4,1
6/3/2018,2,1
6/5/2018,1,0
6/6/2018,1,1
6/7/2018,6,1
6/8/2018,2,0
6/9/2018,7,3
6/10/2018,1,1
6/11/2018,2,1
6/12/2018,3,0
6/13/2018,4,1
6/14/2018,2,0
6/16/2018,3,0
6/17/2018,8,1
6/18/2018,2,0
6/19/2018,5,2
6/20/2018,1,0
6/21/2018,6,2
6/22/2018,3,0
6/23/2018,6,0
6/24/2018,8,3
6/25/2018,1,0
6/26/2018,1,0
6/27/2018,1,0
6/28/2018,2,1
6/29/2018,1,0
6/30/2018,7,2
7/1/2018,2,0
7/2/2018,1,0
7/3/2018,5,1
7/4/2018,1,0
7/5/2018,13,1
7/6/2018,4,0
7/7/2018,1,0
7/8/2018,7,0
7/9/2018,2,2
7/10/2018,5,2
7/11/2018,2,1
7/13/2018,3,0
7/14/2018,2,1
7/15/2018,3,2
7/16/2018,5,0
7/17/2018,9,3
7/19/2018,2,0
7/20/2018,4,0
7/21/2018,3,0
7/22/2018,5,0
7/23/2018,3,0
7/24/2018,1,0
7/25/2018,2,0
7/26/2018,4,2
7/28/2018,6,0
7/29/2018,9,1
7/30/2018,3,3
7/31/2018,7,1
8/2/2018,1,0
8/3/2018,4,1
8/4/2018,4,0
8/5/2018,9,0
8/6/2018,3,0
8/7/2018,2,0
8/8/2018,2,0
8/9/2018,4,0
8/11/2018,5,0
8/12/2018,3,0
8/13/2018,3,0
8/14/2018,1,0
8/15/2018,2,0
8/16/2018,2,0
8/17/2018,3,0
8/18/2018,10,5
8/19/2018,4,1
8/20/2018,2,0
8/21/2018,2,0
8/22/2018,1,0
8/23/2018,3,0
8/24/2018,2,0
8/25/2018,8,3
8/26/2018,4,1
8/27/2018,1,0
8/28/2018,1,0
8/29/2018,1,1
8/30/2018,1,0
8/31/2018,4,2
9/1/2018,2,1
9/2/2018,3,1
9/3/2018,6,1
9/4/2018,7,3
9/5/2018,2,1
9/6/2018,2,0
9/7/2018,3,0
9/8/2018,1,0
9/9/2018,2,1
9/12/2018,4,0
9/13/2018,2,1
9/14/2018,3,1
9/15/2018,5,1
9/16/2018,1,0
9/17/2018,3,1
9/18/2018,2,0
9/19/2018,4,0
9/20/2018,3,0
9/21/2018,8,3
9/22/2018,3,0
9/23/2018,3,0
9/24/2018,2,1
9/25/2018,1,1
9/26/2018,3,1
9/27/2018,2,0
9/28/2018,1,0
9/29/2018,3,0
9/30/2018,1,1
10/1/2018,6,2
10/2/2018,2,0
10/3/2018,7,0
10/4/2018,3,1
10/5/2018,8,2
10/6/2018,4,0
10/7/2018,3,2
10/8/2018,2,1
10/9/2018,2,1
10/10/2018,3,0
10/11/2018,1,0
10/15/2018,4,1
10/16/2018,5,0
10/17/2018,2,0
10/19/2018,2,0
10/20/2018,2,0
10/23/2018,7,2
10/24/2018,1,0
10/25/2018,2,0
10/26/2018,4,1
10/28/2018,3,0
10/29/2018,4,0
10/30/2018,1,0
10/31/2018,5,0
11/1/2018,4,0
11/2/2018,5,3
11/3/2018,2,1
11/4/2018,7,2
11/5/2018,2,0
11/6/2018,1,0
11/9/2018,5,1
11/10/2018,2,0
11/11/2018,1,0
11/12/2018,3,1
11/14/2018,2,0
11/15/2018,2,0
11/17/2018,2,0
11/18/2018,1,0
11/19/2018,7,0
11/21/2018,8,4
11/22/2018,2,0
11/24/2018,1,1
11/25/2018,3,0
11/26/2018,3,0
11/27/2018,5,0
11/28/2018,2,0
11/29/2018,1,0
12/1/2018,1,0
12/2/2018,1,0
12/3/2018,4,0
12/4/2018,5,2
12/5/2018,3,0
12/6/2018,2,0
12/7/2018,3,0
12/8/2018,10,0
12/9/2018,2,1
12/10/2018,2,0
12/11/2018,2,2
12/12/2018,2,0
12/14/2018,1,1
12/15/2018,6,1
12/16/2018,3,3
12/18/2018,2,1
12/20/2018,3,1
12/21/2018,2,1
12/22/2018,4,0
12/23/2018,2,0
12/24/2018,1,0
12/25/2018,1,0
12/26/2018,3,0
12/28/2018,5,1
12/30/2018,3,1
12/31/2018,2,1
1/1/2019,3,1
1/2/2019,1,0
1/3/2019,2,0
1/4/2019,2,0
1/5/2019,3,0
1/6/2019,4,2
1/7/2019,2,1
1/8/2019,3,0
1/9/2019,1,1
1/11/2019,2,0
1/12/2019,2,0
1/13/2019,6,2
1/14/2019,4,0
1/17/2019,2,1
1/18/2019,1,0
1/19/2019,6,3
1/20/2019,1,0
1/21/2019,1,0
1/24/2019,1,0
1/25/2019,2,0
1/26/2019,2,1
1/27/2019,2,0
1/28/2019,3,0
1/30/2019,2,0
1/31/2019,5,2
2/1/2019,1,0
2/2/2019,3,0
2/3/2019,3,3
2/4/2019,6,3
2/5/2019,1,0
2/6/2019,7,3
2/8/2019,2,2
2/9/2019,2,0
2/10/2019,2,0
2/11/2019,2,0
2/12/2019,6,3
2/14/2019,1,0
2/16/2019,1,0
2/17/2019,2,0
2/18/2019,2,0
2/19/2019,2,0
2/22/2019,6,2
2/23/2019,2,0
2/24/2019,3,0
2/25/2019,1,0
2/26/2019,2,1
2/27/2019,1,0
2/28/2019,1,0
3/2/2019,2,0
3/4/2019,2,0
3/5/2019,3,2
3/6/2019,1,0
3/9/2019,6,0
3/10/2019,2,0
3/11/2019,3,0
3/12/2019,4,0
3/13/2019,1,1
3/15/2019,2,0
3/16/2019,3,2
3/17/2019,3,0
3/18/2019,4,0
3/19/2019,2,2
3/20/2019,1,0
3/21/2019,5,1
3/22/2019,4,1
3/23/2019,3,0
3/24/2019,1,0
3/25/2019,1,0
3/26/2019,1,0
3/27/2019,1,1
3/28/2019,1,0
3/30/2019,5,0
3/31/2019,4,0
4/1/2019,1,0
4/3/2019,2,1
4/4/2019,2,0
4/6/2019,2,0
4/7/2019,6,0
4/8/2019,6,1
4/9/2019,2,0
4/10/2019,2,1
4/11/2019,1,0
4/13/2019,3,2
4/14/2019,6,1
4/15/2019,2,0
4/16/2019,4,1
4/17/2019,1,0
4/18/2019,7,0
4/19/2019,3,0
4/20/2019,2,0
4/21/2019,1,1
4/22/2019,3,0
4/23/2019,3,0
4/24/2019,3,1
4/27/2019,2,1
4/29/2019,1,0
4/30/2019,2,0
5/2/2019,3,1
5/3/2019,2,0
5/4/2019,1,0
5/9/2019,3,0
5/11/2019,1,1
5/14/2019,4,0
5/15/2019,4,0
5/16/2019,4,1
5/17/2019,2,1
5/18/2019,5,0
5/19/2019,3,0
5/20/2019,2,0
5/21/2019,1,0
5/22/2019,2,0
5/23/2019,4,0
5/24/2019,4,0
5/25/2019,3,0
5/26/2019,14,5
5/27/2019,10,3
5/28/2019,5,0
5/29/2019,1,0
5/30/2019,2,0
5/31/2019,1,0
6/1/2019,10,1
6/2/2019,2,1
6/3/2019,2,0
6/4/2019,4,0
6/5/2019,3,0
6/6/2019,2,0
6/7/2019,10,2
6/8/2019,5,2
6/9/2019,4,0
6/10/2019,3,1
6/11/2019,1,0
6/12/2019,5,1
6/13/2019,2,0
6/14/2019,2,0
6/15/2019,2,1
6/17/2019,3,1
6/18/2019,1,0
6/19/2019,2,0
6/20/2019,4,0
6/21/2019,1,0
6/22/2019,3,1
6/23/2019,8,0
6/24/2019,3,1
6/25/2019,6,0
6/26/2019,2,0
6/27/2019,3,0
6/28/2019,6,2
6/29/2019,4,0
6/30/2019,4,1
7/1/2019,2,0
7/2/2019,1,0
7/3/2019,6,0
7/4/2019,3,0
7/5/2019,15,4
7/6/2019,2,0
7/7/2019,3,0
7/8/2019,4,1
7/9/2019,1,0
7/10/2019,2,1
7/11/2019,2,2
7/12/2019,3,0
7/13/2019,9,3
7/14/2019,6,1
7/15/2019,4,1
7/16/2019,2,0
7/17/2019,2,0
7/19/2019,4,0
7/20/2019,1,0
7/21/2019,4,0
7/22/2019,1,0
7/23/2019,2,0
7/24/2019,5,0
7/25/2019,5,0
7/26/2019,2,1
7/27/2019,13,5
7/28/2019,9,2
7/29/2019,4,0
7/30/2019,2,0
7/31/2019,1,0
8/3/2019,4,2
8/4/2019,4,1
8/5/2019,7,0
8/6/2019,3,1
8/8/2019,2,0
8/10/2019,4,0
8/11/2019,10,2
8/12/2019,4,0
8/13/2019,5,0
8/14/2019,2,1
8/15/2019,2,1
8/16/2019,5,3
8/17/2019,2,1
8/18/2019,3,1
8/19/2019,1,0
8/20/2019,4,4
8/21/2019,3,0
8/22/2019,4,0
8/23/2019,4,0
8/24/2019,3,0
8/25/2019,6,2
8/26/2019,4,2
8/27/2019,4,0
8/28/2019,2,0
8/29/2019,2,0
8/30/2019,7,2
8/31/2019,4,0
9/1/2019,1,0
9/2/2019,14,6
9/4/2019,3,0
9/5/2019,1,1
9/6/2019,3,2
9/7/2019,1,0
9/8/2019,1,0
9/10/2019,1,0
9/11/2019,3,1
9/12/2019,4,1
9/13/2019,2,0
9/14/2019,2,1
9/15/2019,4,1
9/16/2019,2,0
9/17/2019,3,0
9/18/2019,2,0
9/21/2019,4,1
9/22/2019,5,1
9/23/2019,7,0
9/24/2019,4,0
9/25/2019,1,0
9/26/2019,3,0
9/27/2019,9,2
9/28/2019,1,1
9/29/2019,3,1
9/30/2019,2,1
10/1/2019,1,1
10/2/2019,3,0
10/3/2019,4,3
10/4/2019,2,1
10/5/2019,4,1
10/6/2019,5,0
10/7/2019,2,0
10/9/2019,2,1
10/10/2019,1,1
10/11/2019,2,0
10/12/2019,15,7
10/13/2019,3,0
10/15/2019,1,0
10/17/2019,1,0
10/18/2019,2,2
10/19/2019,1,0
10/21/2019,1,0
10/22/2019,1,0
10/23/2019,2,1
10/24/2019,3,1
10/25/2019,6,0
10/26/2019,4,1
10/27/2019,3,0
10/28/2019,4,0
10/29/2019,2,0
10/30/2019,1,0
10/31/2019,4,1
11/1/2019,1,0
11/2/2019,5,1
11/3/2019,2,0
11/4/2019,5,2
11/5/2019,3,0
11/6/2019,3,0
11/10/2019,10,2
11/12/2019,1,0
11/13/2019,2,0
11/14/2019,4,1
11/15/2019,2,1
11/16/2019,1,1
11/17/2019,4,1
11/19/2019,1,1
11/20/2019,6,2
11/21/2019,2,0
11/23/2019,2,0
11/25/2019,1,0
11/26/2019,1,0
11/27/2019,10,0
11/28/2019,2,0
11/29/2019,2,0
11/30/2019,1,1
12/1/2019,4,0
12/2/2019,2,0
12/3/2019,2,0
12/4/2019,3,0
12/5/2019,2,0
12/6/2019,3,0
12/7/2019,3,1
12/8/2019,1,0
12/10/2019,5,1
12/11/2019,1,1
12/14/2019,1,0
12/15/2019,2,0
12/16/2019,2,1
12/18/2019,2,1
12/19/2019,3,1
12/20/2019,1,0
12/21/2019,3,0
12/23/2019,6,0
12/24/2019,1,0
12/25/2019,3,0
12/26/2019,1,0
12/27/2019,3,1
12/28/2019,3,0
12/29/2019,1,0
12/30/2019,3,0
12/31/2019,2,1
1/1/2020,4,3
1/2/2020,8,0
1/3/2020,1,0
1/4/2020,3,0
1/5/2020,3,0
1/6/2020,1,0
1/7/2020,7,0
1/9/2020,2,1
1/10/2020,1,0
1/11/2020,6,2
1/12/2020,3,0
1/13/2020,11,4
1/14/2020,1,0
1/15/2020,3,0
1/16/2020,2,0
1/18/2020,3,0
1/19/2020,2,2
1/20/2020,9,5
1/21/2020,2,1
1/22/2020,1,0
1/23/2020,7,3
1/24/2020,1,0
1/25/2020,5,1
1/26/2020,3,0
1/27/2020,1,0
1/28/2020,2,0
1/29/2020,2,0
2/1/2020,2,0
2/2/2020,2,0
2/3/2020,1,1
2/4/2020,2,2
2/5/2020,3,0
2/7/2020,1,0
2/8/2020,5,2
2/9/2020,3,1
2/10/2020,1,0
2/11/2020,1,1
2/12/2020,2,2
2/13/2020,1,0
2/14/2020,2,1
2/16/2020,1,0
2/17/2020,2,0
2/18/2020,4,1
2/19/2020,3,1
2/21/2020,4,1
2/22/2020,1,0
2/23/2020,1,0
2/24/2020,2,1
2/26/2020,2,0
2/27/2020,3,0
2/28/2020,1,0
2/29/2020,1,0
3/1/2020,1,0
3/3/2020,3,1
3/4/2020,2,0
3/5/2020,5,1
3/6/2020,1,0
3/7/2020,2,0
3/8/2020,5,0
3/9/2020,4,1
3/10/2020,5,0
3/12/2020,1,1
3/13/2020,3,1
3/14/2020,5,1
3/15/2020,3,0
3/16/2020,1,1
3/18/2020,1,0
3/19/2020,1,0
3/20/2020,5,0
3/21/2020,11,0
3/22/2020,2,0
3/23/2020,1,0
3/26/2020,1,0
3/27/2020,4,0
3/28/2020,1,0
3/29/2020,2,0
3/30/2020,1,0
4/1/2020,2,1
4/2/2020,2,0
4/4/2020,1,0
4/5/2020,2,0
4/6/2020,6,1
4/7/2020,3,0
4/8/2020,4,1
4/9/2020,1,1
4/10/2020,4,1
4/11/2020,6,2
4/13/2020,1,1
4/14/2020,2,1
4/15/2020,2,1
4/16/2020,1,0
4/17/2020,1,0
4/18/2020,3,3
4/19/2020,3,2
4/20/2020,4,1
4/22/2020,2,0
4/24/2020,1,0
4/25/2020,6,2
4/26/2020,1,0
4/27/2020,3,0
4/29/2020,4,0
4/30/2020,4,0
5/1/2020,1,0
5/2/2020,15,6
5/3/2020,5,0
5/4/2020,2,0
5/5/2020,3,1
5/6/2020,1,0
5/7/2020,3,1
5/8/2020,1,0
5/9/2020,1,0
5/10/2020,3,2
5/11/2020,8,3
5/12/2020,2,1
5/13/2020,5,1
5/14/2020,9,4
5/15/2020,8,1
5/16/2020,11,2
5/17/2020,6,0
5/18/2020,1,1
5/19/2020,5,1
5/20/2020,3,2
5/21/2020,4,0
5/22/2020,7,2
5/23/2020,4,1
5/24/2020,4,0
5/25/2020,3,1
5/26/2020,5,1
5/28/2020,1,0
5/29/2020,3,0
5/30/2020,8,1
5/31/2020,5,0
6/1/2020,12,3
6/2/2020,9,3
6/3/2020,7,1
6/4/2020,2,0
6/5/2020,7,3
6/6/2020,6,0
6/7/2020,4,3
6/8/2020,10,0
6/9/2020,3,0
6/10/2020,2,0
6/11/2020,4,0
6/12/2020,11,3
6/13/2020,6,0
6/14/2020,9,0
6/15/2020,9,2
6/16/2020,4,0
6/17/2020,10,2
6/18/2020,8,0
6/19/2020,11,2
6/20/2020,21,2
6/21/2020,6,0
6/22/2020,13,2
6/23/2020,10,1
6/24/2020,4,0
6/25/2020,9,0
6/26/2020,12,3
6/27/2020,21,2
6/28/2020,12,1
6/29/2020,9,1
6/30/2020,14,2
7/1/2020,3,0
7/2/2020,14,4
7/3/2020,8,0
7/4/2020,8,1
7/5/2020,47,11
7/6/2020,5,0
7/7/2020,17,7
7/8/2020,5,1
7/9/2020,10,2
7/10/2020,6,1
7/11/2020,14,0
7/12/2020,15,3
7/13/2020,17,2
7/14/2020,11,2
7/15/2020,12,2
7/16/2020,11,0
7/17/2020,9,0
7/18/2020,6,1
7/19/2020,10,0
7/20/2020,10,3
7/21/2020,5,0
7/22/2020,4,3
7/23/2020,1,0
7/24/2020,9,2
7/25/2020,7,2
7/26/2020,29,12
7/27/2020,11,1
7/28/2020,10,0
7/29/2020,3,0
7/30/2020,2,0
7/31/2020,6,1
8/1/2020,6,2
8/2/2020,16,1
8/3/2020,17,0
8/4/2020,2,0
8/5/2020,5,0
8/6/2020,10,3
8/7/2020,3,0
8/8/2020,6,3
8/9/2020,13,3
8/10/2020,7,0
8/11/2020,9,2
8/12/2020,8,2
8/13/2020,6,1
8/14/2020,15,1
8/15/2020,24,4
8/16/2020,7,1
8/17/2020,7,1
8/18/2020,9,1
8/19/2020,12,3
8/20/2020,4,1
8/21/2020,16,4
8/22/2020,18,4
8/23/2020,15,3
8/24/2020,9,1
8/25/2020,3,1
8/26/2020,6,1
8/27/2020,5,1
8/28/2020,11,4
8/29/2020,15,2
8/30/2020,17,2
8/31/2020,10,1
9/1/2020,11,4
9/2/2020,8,4
9/3/2020,7,1
9/4/2020,7,1
9/5/2020,5,1
9/6/2020,8,1
9/7/2020,10,1
9/8/2020,12,4
9/9/2020,3,0
9/10/2020,10,5
9/11/2020,4,1
9/12/2020,15,6
9/13/2020,7,3
9/14/2020,4,1
9/15/2020,5,2
9/16/2020,5,1
9/17/2020,5,2
9/18/2020,5,1
9/19/2020,3,1
9/20/2020,5,0
9/21/2020,7,1
9/22/2020,2,0
9/23/2020,7,2
9/24/2020,4,0
9/25/2020,5,1
9/26/2020,3,0
9/27/2020,8,1
9/28/2020,4,3
9/29/2020,2,1
9/30/2020,8,3
10/1/2020,2,0
10/2/2020,3,0
10/3/2020,6,1
10/4/2020,1,0
10/5/2020,6,0
10/6/2020,8,0
10/7/2020,6,2
10/8/2020,1,0
10/9/2020,5,0
10/10/2020,6,1
10/11/2020,7,1
10/12/2020,4,1
10/13/2020,3,1
10/14/2020,4,1
10/15/2020,9,2
10/16/2020,2,0
10/17/2020,3,0
10/18/2020,8,2
10/19/2020,9,3
10/20/2020,6,0
10/21/2020,11,5
10/22/2020,10,2
10/23/2020,9,0
10/24/2020,6,1
10/25/2020,4,0
10/26/2020,4,2
10/27/2020,4,1
10/28/2020,7,3
10/29/2020,2,0
10/30/2020,1,0
10/31/2020,8,1
11/1/2020,4,2
11/2/2020,2,0
11/3/2020,6,0
11/4/2020,7,1
11/5/2020,8,1
11/6/2020,4,0
11/7/2020,8,1
11/8/2020,3,1
11/9/2020,6,0
11/10/2020,3,1
11/11/2020,4,0
11/12/2020,7,2
11/13/2020,2,0
11/14/2020,7,1
11/15/2020,4,1
11/16/2020,5,1
11/17/2020,4,1
11/18/2020,1,0
11/19/2020,1,0
11/20/2020,6,2
11/21/2020,5,2
11/22/2020,15,4
11/24/2020,3,0
11/25/2020,2,0
11/26/2020,3,0
11/27/2020,9,0
11/29/2020,6,0
11/30/2020,4,0
12/1/2020,2,0
12/2/2020,1,1
12/3/2020,4,0
12/4/2020,8,0
12/5/2020,4,0
12/6/2020,4,1
12/7/2020,10,1
12/8/2020,3,0
12/9/2020,5,0
12/11/2020,9,1
12/12/2020,7,0
12/13/2020,7,0
12/14/2020,3,2
12/15/2020,2,1
12/16/2020,6,0
12/17/2020,1,0
12/18/2020,6,0
12/19/2020,3,1
12/20/2020,4,0
12/21/2020,5,2
12/22/2020,6,2
12/23/2020,1,1
12/24/2020,3,0
12/25/2020,5,0
12/26/2020,4,2
12/27/2020,6,1
12/28/2020,2,0
12/29/2020,5,2
12/30/2020,2,1
12/31/2020,4,1
1/1/2021,10,1
1/2/2021,4,1
1/3/2021,7,2
1/4/2021,3,0
1/5/2021,1,0
1/6/2021,2,0
1/7/2021,2,0
1/8/2021,2,0
1/9/2021,2,0
1/10/2021,4,3
1/11/2021,9,4
1/12/2021,4,1
1/13/2021,2,0
1/14/2021,1,0
1/15/2021,1,0
1/16/2021,8,4
1/17/2021,1,1
1/18/2021,4,2
1/19/2021,3,0
1/22/2021,2,0
1/23/2021,4,2
1/24/2021,4,0
1/25/2021,1,0
1/26/2021,4,1
1/27/2021,1,0
1/29/2021,1,1
1/30/2021,2,0
1/31/2021,6,1
2/1/2021,7,0
2/2/2021,2,1
2/3/2021,2,1
2/4/2021,1,0
2/6/2021,7,4
2/7/2021,3,3
2/8/2021,2,0
2/9/2021,1,0
2/10/2021,1,0
2/12/2021,5,1
2/13/2021,1,0
2/14/2021,3,0
2/15/2021,5,0
2/16/2021,11,2
2/17/2021,1,0
2/18/2021,3,0
2/20/2021,2,1
2/21/2021,3,0
2/22/2021,3,1
2/23/2021,4,0
2/24/2021,4,0
2/25/2021,2,0
2/26/2021,6,2
2/27/2021,7,0
2/28/2021,3,0
3/1/2021,1,0
3/2/2021,5,0
3/3/2021,1,0
3/4/2021,7,1
3/5/2021,2,2
3/6/2021,1,0
3/7/2021,13,5
3/8/2021,3,1
3/9/2021,4,3
3/10/2021,6,1
3/11/2021,5,2
3/12/2021,5,2
3/13/2021,12,3
3/14/2021,9,0
3/15/2021,7,1
3/16/2021,1,0
3/17/2021,4,4
3/18/2021,1,0
3/19/2021,3,0
3/20/2021,2,0
3/21/2021,4,1
3/22/2021,1,0
3/23/2021,1,1
3/24/2021,3,0
3/25/2021,4,0
3/26/2021,3,1
3/27/2021,8,2
3/28/2021,5,0
3/29/2021,1,1
3/30/2021,8,1
4/1/2021,2,1
4/2/2021,3,1
4/3/2021,6,2
4/4/2021,11,2
4/5/2021,12,5
4/6/2021,9,1
4/7/2021,5,3
4/8/2021,7,0
4/9/2021,4,0
4/10/2021,2,0
4/11/2021,3,1
4/12/2021,3,1
4/13/2021,3,0
4/14/2021,3,2
4/15/2021,6,1
4/16/2021,5,0
4/17/2021,4,0
4/18/2021,6,1
4/19/2021,4,0
4/20/2021,3,1
4/21/2021,12,4
4/22/2021,1,0
4/23/2021,9,2
4/24/2021,16,2
4/25/2021,9,2
4/26/2021,4,1
4/27/2021,7,2
4/28/2021,7,2
4/29/2021,10,2
4/30/2021,5,0
5/1/2021,5,0
5/2/2021,11,1
5/3/2021,2,0
5/4/2021,4,0
5/5/2021,4,1
5/6/2021,16,6
5/7/2021,5,0
5/8/2021,9,2
5/9/2021,5,2
5/10/2021,6,5
5/11/2021,6,0
5/12/2021,13,4
5/13/2021,6,0
5/14/2021,5,1
5/15/2021,17,5
5/16/2021,3,1
5/17/2021,7,2
5/18/2021,7,2
5/19/2021,9,1
5/20/2021,5,0
5/21/2021,4,1
5/22/2021,10,0
5/23/2021,9,0
5/24/2021,4,0
5/25/2021,9,3
5/26/2021,6,0
5/27/2021,8,0
5/28/2021,6,2
5/29/2021,1,1
5/30/2021,5,3
5/31/2021,20,2
6/1/2021,2,0
6/2/2021,4,1
6/3/2021,8,1
6/4/2021,3,0
6/5/2021,10,2
6/6/2021,10,5
6/7/2021,6,3
6/8/2021,4,1
6/9/2021,1,0
6/10/2021,2,1
6/11/2021,11,4
6/12/2021,7,3
6/13/2021,5,0
6/14/2021,9,1
6/15/2021,4,0
6/16/2021,17,6
6/17/2021,3,0
6/18/2021,4,0
6/19/2021,13,1
6/20/2021,9,0
6/21/2021,10,2
6/22/2021,9,2
6/23/2021,3,1
6/24/2021,3,0
6/25/2021,7,1
6/26/2021,3,0
6/27/2021,8,1
6/28/2021,7,1
6/29/2021,9,0
6/30/2021,8,0
7/1/2021,7,0
7/2/2021,13,2
7/3/2021,5,0
7/4/2021,15,4
7/5/2021,9,0
7/6/2021,5,0
7/7/2021,5,2
7/8/2021,6,0
7/9/2021,5,0
7/10/2021,2,0
7/11/2021,15,6
7/12/2021,7,0
7/13/2021,5,0
7/14/2021,6,1
7/15/2021,8,1
7/16/2021,6,2
7/17/2021,6,0
7/18/2021,7,2
7/19/2021,6,0
7/20/2021,5,0
7/21/2021,4,0
7/22/2021,6,5
7/23/2021,4,0
7/24/2021,4,2
7/25/2021,2,1
7/26/2021,9,1
7/27/2021,2,0
7/28/2021,2,0
7/29/2021,4,0
7/30/2021,8,1
7/31/2021,16,1
8/1/2021,6,2
8/2/2021,5,0
8/3/2021,4,2
8/4/2021,8,1
8/5/2021,10,0
8/6/2021,5,1
8/7/2021,16,6
8/8/2021,7,2
8/9/2021,5,0
8/10/2021,3,0
8/11/2021,5,1
8/12/2021,8,1
8/13/2021,17,4
8/14/2021,13,4
8/15/2021,6,1
8/16/2021,9,2
8/17/2021,11,4
8/18/2021,5,3
8/19/2021,15,5
8/20/2021,1,0
8/21/2021,7,0
8/22/2021,3,0
8/23/2021,5,2
8/24/2021,1,0
8/25/2021,8,0
8/26/2021,2,2
8/27/2021,7,2
8/28/2021,7,2
8/29/2021,10,2
8/30/2021,8,1
8/31/2021,11,3
9/1/2021,4,2
9/2/2021,6,0
9/3/2021,10,3
9/4/2021,15,6
9/5/2021,13,2
9/6/2021,7,1
9/7/2021,7,1
9/8/2021,7,0
9/10/2021,7,2
9/11/2021,5,2
9/12/2021,5,3
9/13/2021,6,1
9/14/2021,3,0
9/15/2021,4,1
9/16/2021,4,2
9/17/2021,3,0
9/18/2021,16,4
9/19/2021,4,1
9/20/2021,9,3
9/21/2021,3,0
9/22/2021,5,0
9/23/2021,5,1
9/24/2021,6,2
9/25/2021,4,0
9/26/2021,6,2
9/27/2021,6,0
9/28/2021,8,3
9/29/2021,11,6
9/30/2021,3,1
10/1/2021,7,1
10/2/2021,8,1
10/3/2021,9,3
10/4/2021,6,1
10/5/2021,1,0
10/6/2021,4,1
10/7/2021,4,2
10/8/2021,1,0
10/9/2021,8,1
10/10/2021,5,1
10/11/2021,2,0
10/12/2021,2,1
10/13/2021,6,1
10/14/2021,10,1
10/15/2021,10,3
10/16/2021,4,0
10/17/2021,5,1
10/18/2021,3,0
10/19/2021,5,1
10/20/2021,2,0
10/21/2021,5,0
10/22/2021,7,1
10/23/2021,4,1
10/24/2021,5,3
10/25/2021,4,0
10/26/2021,1,1
10/27/2021,2,1
10/28/2021,8,1
10/30/2021,4,1
10/31/2021,17,7
11/1/2021,2,0
11/2/2021,3,1
11/3/2021,4,0
11/4/2021,1,0
11/5/2021,7,2
11/6/2021,5,1
11/7/2021,1,0
11/8/2021,8,0
11/9/2021,6,0
11/10/2021,5,0
11/11/2021,10,1
11/12/2021,3,0
11/13/2021,12,3
11/14/2021,3,1
11/15/2021,4,0
11/16/2021,11,0
11/17/2021,11,5
11/18/2021,8,0
11/19/2021,4,1
11/20/2021,1,1
11/21/2021,9,1
11/22/2021,6,0
11/23/2021,3,0
11/24/2021,3,0
11/25/2021,3,1
11/26/2021,5,1
11/27/2021,6,1
11/28/2021,3,0
11/29/2021,2,0
11/30/2021,2,0
12/1/2021,7,1
12/2/2021,5,2
12/3/2021,13,3
12/4/2021,6,1
12/5/2021,6,3
12/6/2021,5,1
12/7/2021,2,1
12/9/2021,5,2
12/10/2021,4,0
12/11/2021,9,4
12/12/2021,8,2
12/13/2021,1,1
12/14/2021,3,2
12/15/2021,2,1
12/16/2021,6,2
12/17/2021,14,6
12/18/2021,8,1
12/19/2021,3,0
12/20/2021,3,1
12/21/2021,3,0
12/22/2021,5,2
12/23/2021,7,3
12/24/2021,4,0
12/25/2021,1,0
12/26/2021,7,4
12/27/2021,9,3
12/28/2021,1,0
12/29/2021,2,0
12/30/2021,2,0
12/31/2021,5,1
